#,E2Slot,E1Chord,E2AOA,E2Overhang,E2Chord,E1AOA,E3AOA,E3Chord,E3Overhang,E3Slot,drag_op,lift_op,turb_outlet_intensity_op,E1TrailingX,E2TrailingX,E3TrailingX,XDim,E1TrailingY,E2TrailingY,E3TrailingY,YDim,LoD,XBoundary,YBoundary,effOpt,liftBoundary,flowSeparation
1,0.03116071428571428,0.4839285714285714,26.59226190476191,-0.05839285714285714,0.2351190476190476,4.178571428571429,20.19345238095238,0.1172619047619048,-0.002767857142857143,0.05705357142857143,,,,0.4826421917719974,0.1951013729610095,0.04228497468156737,0.7200285394145741,0.03526155082268071,0.1769884387001064,0.1386891429318936,0.3509391324546807,,0.2799714605854259,0.1490608675453193,,,
2,0.04348214285714286,0.9196428571428571,31.05654761904762,-0.005535714285714286,0.1744047619047619,-0.8214285714285721,11.71130952380952,0.1720238095238095,-0.008660714285714285,0.039375,8.2765471,-362.60342,0.2792913,0.9195483475021385,0.1425845011690503,0.1006363411851831,1.162769189856372,-0.01318413061083934,0.1273165634208545,0.1446443913541736,0.2587768241641888,43.81095348324666,-0.1627691898563719,0.2412231758358112,-362.60342,999637.3965799999,0.2792913
3,0.04866071428571429,0.5517857142857142,10.52083333333333,-0.01517857142857143,0.1791666666666667,-5.107142857142858,21.23511904761905,0.1398809523809524,-0.01741071428571429,0.040625,3.4403714,-153.71977,0.1437048,0.5495951115038449,0.1646422666950054,0.1038558775913483,0.8180932557901985,-0.04911911950424292,0.05891728599126417,0.1015406502927788,0.1113388167798,44.6811556449981,0.1819067442098015,0.3886611832201999,-153.71977,999846.28023,0.1437048
4,0.04723214285714285,0.9017857142857142,12.75297619047619,-0.03803571428571428,0.1875,-6.535714285714286,15.13392857142857,0.1089285714285714,-0.02794642857142857,0.05044642857142857,6.1139887,-106.41971,0.32352471,0.8959250986445979,0.1643743284091488,0.06820705249209449,1.128506479545841,-0.1026435195638926,0.07360555240233184,0.08678225068506183,0.05774428352350111,17.40593828706291,-0.1285064795458413,0.4422557164764989,-106.41971,999893.58029,0.32352471
5,0.03508928571428571,0.6482142857142856,28.97321428571428,-0.05482142857142856,0.2708333333333333,-2.821428571428572,26.74107142857143,0.2375,-0.02098214285714286,0.05419642857142857,10.234606,-329.40288,0.30938593,0.6474285188769474,0.2248190306132844,0.1005642075943694,0.9728117570846012,-0.03190725856108198,0.1745335114212459,0.2288087457879016,0.3714349986480655,32.18520380755253,0.02718824291539879,0.1285650013519345,-329.40288,999670.59712,0.30938593
6,0.05741071428571428,0.9732142857142856,33.4375,-0.001964285714285714,0.1255952380952381,1.392857142857142,34.47916666666666,0.2315476190476191,-0.02258928571428571,0.051875,16.264349,-342.52888,0.49819997,0.9729267280297009,0.07925087286941657,0.03363958133742387,1.085817182236541,0.02365645374496083,0.1230441214447026,0.2462930249149418,0.3929936001046053,21.06010391193647,-0.08581718223654144,0.1070063998953947,-342.52888,999657.47112,0.49819997
7,0.03276785714285714,0.7089285714285714,27.78273809523809,-0.02625,0.2101190476190476,3.392857142857143,25.84821428571428,0.2470238095238095,-0.00294642857142857,0.030625,13.539664,-399.67943,0.42406163,0.7076859711247209,0.1750209596183504,0.1160783690181284,0.9987852997611997,0.0419557583773169,0.1391677234774658,0.2319045185120904,0.4130280003668731,29.51915424193688,0.001214700238800326,0.08697199963312691,-399.67943,999600.32057,0.42406163
8,0.03008928571428571,0.4696428571428571,33.28869047619047,-0.03410714285714286,0.1470238095238095,-0.6071428571428572,23.46726190476191,0.1648809523809524,-0.006339285714285716,0.03794642857142857,,,,0.4696164895686337,0.1178108621173981,0.06601934227359192,0.6534466939596237,-0.004976544035718849,0.1173998125482546,0.1654474169878271,0.2778706855003629,,0.3465533060403763,0.2221293144996371,,,
9,0.05919642857142857,0.5482142857142857,20.9375,-0.05660714285714286,0.1708333333333333,-2.178571428571429,26.14583333333334,0.2755952380952381,-0.0006250000000000006,0.05758928571428571,9.2742285,-243.00343,0.30757317,0.5478180383644202,0.1633233269338697,0.1760871505433598,0.8872285158416497,-0.02083986333407737,0.1125092025073492,0.2488802199481662,0.3405495591214381,26.20201022651103,0.1127714841583503,0.1594504408785619,-243.00343,999756.99657,0.30757317
10,0.05758928571428571,0.7982142857142857,16.32440476190476,-0.01696428571428571,0.2208333333333333,-3.678571428571428,23.31845238095238,0.2041666666666667,-0.005625,0.05955357142857143,6.2604266,-278.13239,0.20423318,0.7965697116561367,0.2136838386539081,0.1467228290594476,1.156976379369492,-0.05121269755076967,0.1081374503668123,0.1767806450860053,0.2337053979020479,44.42706667944961,-0.1569763793694923,0.2662946020979521,-278.13239,999721.86761,0.20423318
11,0.04598214285714285,0.7232142857142857,14.98511904761905,-0.04160714285714286,0.2446428571428572,3.892857142857142,22.72321428571428,0.2446428571428572,-0.007767857142857141,0.03008928571428571,10.118859,-370.80279,0.34571239,0.7215456497723202,0.2216907448393741,0.1658545633836677,1.109090957995362,0.04909967775723941,0.1086476043607081,0.1883860645385507,0.3461333466564981,36.6447234811751,-0.1090909579953618,0.1538666533435019,-370.80279,999629.19721,0.34571239
12,0.04580357142857143,0.7339285714285714,18.25892857142857,-0.04517857142857143,0.1529761904761905,0.5357142857142856,25.40178571428572,0.1803571428571429,-0.02598214285714286,0.05526785714285714,7.3694736,-263.2677,0.23345229,0.7338964908770548,0.1183216534548597,0.08690498474321945,0.9391231290751338,0.006862116111567752,0.1043079504267445,0.1696807337141313,0.2808508002524436,35.72408482472886,0.06087687092486616,0.2191491997475564,-263.2677,999736.7323,0.23345229
13,0.03080357142857143,0.5874999999999999,32.24702380952381,-0.03017857142857143,0.1494047619047619,-5.75,27.03869047619047,0.1101190476190476,-0.001517857142857144,0.05169642857142857,,,,0.5845440044724105,0.1373800627540471,0.04102328091508943,0.7629473481415471,-0.05886048619709481,0.1182455226964499,0.1341496782262908,0.1935347147256459,,0.2370526518584529,0.3064652852743541,,,
14,0.03294642857142857,0.4803571428571428,13.34821428571428,-0.04303571428571429,0.1077380952380953,0.6785714285714279,10.22321428571429,0.2732142857142857,-0.01080357142857143,0.04491071428571428,,,,0.4803234548705625,0.09319092431287263,0.2277397233096197,0.8012541024930548,0.005688883465513963,0.07089269033126025,0.1531673271727542,0.2297489009695284,,0.1987458975069452,0.2702510990304716,,,
15,0.05366071428571428,0.4767857142857142,20.04464285714286,-0.01053571428571429,0.2875,-0.6785714285714284,18.55654761904762,0.1041666666666667,-0.01919642857142857,0.04294642857142857,,,,0.4767522767674356,0.2525465497048366,0.04981956803402669,0.7791183945062988,-0.005646586934171854,0.1385064879116976,0.0981713863108277,0.2310312872883534,,0.2208816054937012,0.2689687127116466,,,
16,0.03241071428571429,0.9232142857142858,19.59821428571428,-0.02767857142857143,0.243452380952381,-4.892857142857143,19.15178571428572,0.1791666666666667,-0.02419642857142857,0.043125,6.0950983,-302.9536,0.23495667,0.919850034756138,0.2150478531050661,0.1144341773662762,1.24933206522748,-0.07874344992486983,0.1068316219860287,0.13538824305752,0.1634764151186789,49.70446497967063,-0.2493320652274804,0.3365235848813211,-302.9536,999697.0464,0.23495667
17,0.05205357142857143,0.7303571428571428,29.27083333333334,-0.01160714285714285,0.1279761904761905,1.035714285714285,24.95535714285714,0.1779761904761905,-0.00330357142857143,0.04544642857142857,9.0637598,-285.26185,0.27770808,0.7302378187680747,0.106362189125192,0.07562990528154195,0.9122299131748086,0.01320167274603477,0.1099594393214636,0.1838232216313402,0.3069843336988386,31.47279454603375,0.08777008682519138,0.1930156663011614,-285.26185,999714.73815,0.27770808
18,0.04151785714285714,0.9624999999999999,16.77083333333333,-0.0005357142857142852,0.218452380952381,3.607142857142857,28.82440476190476,0.1827380952380953,-0.01669642857142857,0.05098214285714285,10.497489,-368.3427,0.32320985,0.9605931843260735,0.1849098472745294,0.08599500952429304,1.231498041124896,0.06055562918749926,0.1258983710118057,0.1803143756007847,0.3667683758000897,35.08864834247504,-0.2314980411248959,0.1332316241999103,-368.3427,999631.6573,0.32320985
19,0.03723214285714286,0.6910714285714286,24.36011904761905,-0.04910714285714285,0.2375,-6.964285714285714,32.39583333333334,0.2910714285714286,-0.02526785714285714,0.056875,10.471952,-292.7732,0.36594826,0.6859726509529603,0.2084519431489543,0.1467904683314241,1.041215062433339,-0.08379284893308717,0.1305248224440481,0.2690111624730009,0.3157431359839619,27.95784396261556,-0.04121506243333872,0.1842568640160381,-292.7732,999707.2267999999,0.36594826
20,0.03758928571428571,0.8910714285714285,25.40178571428572,-0.01089285714285715,0.1696428571428572,-0.03571428571428514,32.24702380952381,0.143452380952381,-0.003124999999999999,0.05383928571428571,9.4615302,-304.73416,0.31535247,0.8910712554618171,0.1501960028859043,0.05094947144730921,1.092216729795031,-0.0005554331889967766,0.1265162459720849,0.168448259265146,0.2944090720482341,32.20770356997856,-0.09221672979503071,0.2055909279517659,-304.73416,999695.26584,0.31535247
21,0.04991071428571428,0.9660714285714285,21.23511904761905,-0.02446428571428571,0.2470238095238095,-5.035714285714286,21.97916666666667,0.1505952380952381,-0.009910714285714287,0.03133928571428572,6.3334669,-310.97525,0.21002711,0.9623425644416796,0.230094518401716,0.1001208335526411,1.292557916396037,-0.08479854813528492,0.1010032327250277,0.1204151983618733,0.1366198829516161,49.10031976325636,-0.2925579163960368,0.3633801170483839,-310.97525,999689.02475,0.21002711
22,0.05705357142857143,0.9839285714285714,29.56845238095238,-0.03660714285714285,0.1244047619047619,-1.607142857142857,29.56845238095238,0.1994047619047619,-0.021875,0.04973214285714286,10.120119,-326.62253,0.29225379,0.9835415198876108,0.08941070465591504,0.06441314939382096,1.137365373937347,-0.02759551287143535,0.1086564017932917,0.2019018875079655,0.2829627764298219,32.27457404404038,-0.1373653739373468,0.2170372235701781,-326.62253,999673.3774699999,0.29225379
23,0.03169642857142857,0.4339285714285714,13.79464285714286,-0.03517857142857143,0.168452380952381,0.1785714285714286,24.0625,0.2196428571428571,-0.007589285714285713,0.03651785714285714,275443880,-79166546,556.31195,0.4339264639334375,0.155764596729376,0.1568139969697647,0.7465050576325782,0.001352405362319698,0.0771699294175861,0.1689381814164834,0.2474605161963892,0.2874144308452233,0.2534949423674218,0.2525394838036108,-79166546,-78166546,556.31195
24,0.04526785714285714,0.7125,17.51488095238095,-0.02839285714285714,0.2196428571428571,2.821428571428572,28.37797619047619,0.2898809523809524,-0.02133928571428571,0.05276785714285714,11.995957,-349.92755,0.37014979,0.7116363058730084,0.1820414459224305,0.1529200125850003,1.046597764380439,0.03507161478201574,0.1279859706603403,0.259887595664345,0.422945181106701,29.17045717986485,-0.04659776438043917,0.07705481889329896,-349.92755,999650.07245,0.37014979
25,0.04223214285714286,0.4982142857142857,31.35416666666666,-0.04696428571428571,0.1220238095238095,-0.4642857142857149,27.33630952380953,0.1922619047619048,-0.01258928571428571,0.03633928571428571,188799220,1089804100,401.98737,0.4981979285060968,0.09242100720780827,0.07177904078261496,0.6623979764965201,-0.004037142805241918,0.09908587349680192,0.1881698338738061,0.2832185645653661,-5.772291326203573,0.3376020235034799,0.2167814354346339,1089804100,-1088804100,401.98737
26,0.04955357142857143,0.5946428571428571,24.80654761904762,-0.05732142857142856,0.2386904761904762,1.464285714285715,23.76488095238095,0.218452380952381,-0.01651785714285714,0.03866071428571428,10.419967,-323.10265,0.32268435,0.5944486751478323,0.1965361889116618,0.108390583806939,0.8993754478664331,0.01519539950140516,0.1438739260712336,0.1947882007999022,0.353857526372541,31.00803006381882,0.1006245521335669,0.146142473627459,-323.10265,999676.89735,0.32268435
27,0.03366071428571429,0.8767857142857142,22.57440476190476,-0.01910714285714286,0.2779761904761905,-6.678571428571429,19.74702380952381,0.1255952380952381,-0.02633928571428571,0.05401785714285715,5.2684047,-260.6494,0.20737584,0.870836034789379,0.2474684079591681,0.06193985183873326,1.18024429458728,-0.1019695507875835,0.1328492417954518,0.1179264721129976,0.148806163120866,49.47406565027171,-0.1802442945872804,0.351193836879134,-260.6494,999739.3506,0.20737584
28,0.03383928571428571,0.4017857142857142,17.21726190476191,-0.03125,0.2172619047619048,-4.964285714285714,30.01488095238095,0.2136904761904762,-0.007410714285714286,0.03508928571428571,6.8336737,-194.05179,0.31159148,0.4002785483740661,0.2079662244390461,0.143443933834081,0.7516887066471931,-0.0347684327462706,0.0817080980196942,0.17644486527485,0.2233845305482736,28.39640850864741,0.2483112933528069,0.2766154694517264,-194.05179,999805.9482099999,0.31159148
29,0.05276785714285714,0.9124999999999999,24.0625,-0.01125,0.1041666666666667,1.607142857142857,24.50892857142857,0.2494047619047619,-0.02473214285714286,0.03098214285714285,10.815185,-356.48337,0.33106545,0.9121410465745357,0.06829476355266262,0.1240059198821757,1.104441730009374,0.02559220885173042,0.07539939505518885,0.2087647506819781,0.3097563545888974,32.96137514060092,-0.1044417300093738,0.1902436454111026,-356.48337,999643.51663,0.33106545
30,0.04401785714285714,0.4196428571428571,32.54464285714286,-0.008035714285714285,0.2315476190476191,-3.892857142857142,28.22916666666666,0.2863095238095238,-0.01008928571428572,0.03401785714285714,11.761556,-279.86855,0.40087548,0.4186746362876425,0.1954381000335307,0.1312690076552228,0.7453817439763961,-0.02848993647642287,0.1456479991789309,0.2648095605237819,0.3819676232262899,23.79519767622583,0.2546182560236039,0.1180323767737101,-279.86855,999720.13145,0.40087548
31,0.04616071428571428,0.5196428571428571,15.13392857142857,-0.02160714285714286,0.2910714285714286,2.107142857142857,31.80059523809524,0.1315476190476191,-0.0004464285714285698,0.033125,7.6090978,-241.58603,0.27818954,0.5192914838793521,0.2763283905144492,0.07598640318561393,0.8716062775794152,0.01910637982382824,0.1193576475633207,0.1308472312309657,0.2693112586181147,31.74962871419526,0.1283937224205848,0.2306887413818853,-241.58603,999758.41397,0.27818954
32,0.04491071428571428,0.5267857142857143,16.62202380952381,-0.01375,0.2613095238095238,4.250000000000001,12.30654761904762,0.156547619047619,-0.02205357142857143,0.03830357142857143,6.8381912,-261.95994,0.25638536,0.5253371510791934,0.2193304658640902,0.09677226119731078,0.8414398781405944,0.03903929394221925,0.1296637160382113,0.1136034707344848,0.2823064807149153,38.30836727700741,0.1585601218594056,0.2176935192850847,-261.95994,999738.04006,0.25638536
33,0.05223214285714286,0.4232142857142857,32.99107142857143,-0.02803571428571429,0.1613095238095238,2.535714285714285,21.38392857142857,0.1125,-0.009196428571428571,0.03116071428571428,9.770189,-178.90689,0.36765483,0.4227998904282373,0.1207147404956523,0.03582741168730462,0.5793420426111943,0.01872389613631637,0.1244576345524255,0.114270908594881,0.2574524392836229,18.31150758700779,0.4206579573888057,0.2425475607163771,-178.90689,999821.09311,0.36765483
34,0.044375,0.5339285714285714,10.22321428571429,-0.05517857142857142,0.1065476190476191,-0.3214285714285711,23.16964285714286,0.1291666666666667,-0.008482142857142855,0.044375,4.0795183,-157.33004,0.15589529,0.5339201695632049,0.09672741470230636,0.09225398690302636,0.7229015711685376,-0.002995316569856471,0.06274379372781774,0.1127396038629187,0.17248808102088,38.56583754018213,0.2770984288314624,0.32751191897912,-157.33004,999842.66996,0.15589529
35,0.04098214285714286,0.4625,26.44345238095238,-0.05589285714285715,0.1327380952380953,3.107142857142858,31.94940476190476,0.118452380952381,-0.02508928571428572,0.05223214285714286,7.3025994,-186.70562,0.25413805,0.461820088350187,0.08758803607141395,0.008934434966895596,0.5583425593884965,0.02506902463649972,0.1162607939980863,0.1371619588469132,0.2784917774814992,25.56700837238861,0.4416574406115035,0.2215082225185008,-186.70562,999813.29438,0.25413805
36,0.05830357142857143,0.5660714285714286,15.43154761904762,-0.005892857142857141,0.1005952380952381,0.7500000000000004,13.49702380952381,0.1232142857142857,-0.025625,0.058125,3.8266099,-175.64058,0.14313202,0.5660229318588575,0.07022636808045918,0.06624242797965146,0.7024917279189682,0.007409646064493196,0.08581866388034255,0.1096886217467221,0.2029169316915578,45.89978717192992,0.2975082720810318,0.2970830683084422,-175.64058,999824.35942,0.14313202
37,0.04276785714285714,0.8232142857142857,10.81845238095238,-0.02875,0.1541666666666667,-4.178571428571429,34.33035714285714,0.1529761904761905,-0.02830357142857142,0.04830357142857142,6.9642282,-192.79276,0.29773337,0.8210260162615896,0.1284239116492139,0.08180571453383784,1.031255642444641,-0.05998367132566718,0.06806358634108871,0.1450083013770511,0.1530882163924726,27.68329159575788,-0.0312556424446413,0.3469117836075274,-192.79276,999807.20724,0.29773337
38,0.053125,0.4910714285714285,30.16369047619047,-0.02089285714285714,0.1136904761904762,2.035714285714286,16.32440476190476,0.2684523809523809,-0.02455357142857143,0.05848214285714286,11.596506,-226.3531,0.37955692,0.4907615030306612,0.06958922970751359,0.1258579306282681,0.6862086633664429,0.01744405635940244,0.1181549888471819,0.2375365622860224,0.3731356074926068,19.51907755663646,0.3137913366335571,0.1268643925073932,-226.3531,999773.6469000001,0.37955692
39,0.050625,0.969642857142857,31.50297619047619,-0.05125,0.1267857142857143,-1.392857142857143,14.38988095238095,0.2208333333333333,-0.005982142857142856,0.03151785714285714,9.1439836,-368.62808,0.30598637,0.9693563547158305,0.104463355976775,0.1365231854356121,1.210342896128218,-0.0235696410706674,0.09525772398807672,0.179048033181251,0.2507361160986603,40.31372934658369,-0.2103428961282177,0.2492638839013397,-368.62808,999631.3719199999,0.30598637
40,0.04473214285714285,0.5089285714285714,30.01488095238095,-0.02589285714285714,0.2958333333333333,-5.25,34.77678571428572,0.1577380952380952,-0.02491071428571429,0.03258928571428572,319174140,-146085190,108.50442,0.5067935792121047,0.246802606122025,0.04368798196398034,0.79728416729811,-0.04656778806976728,0.1586552200448239,0.1551271310083026,0.2672145629833591,0.457697450050308,0.20271583270189,0.2327854370166409,-146085190,-145085190,108.50442
41,0.05848214285714286,0.8982142857142856,21.38392857142857,-0.009464285714285713,0.2744047619047619,4.535714285714286,14.83630952380952,0.1517857142857143,-0.006160714285714287,0.03223214285714286,10.078507,-399.32408,0.31326008,0.8954012887612551,0.2381114775260506,0.09534725570506791,1.228860021992374,0.07103122655499997,0.151589116499449,0.1253884862172382,0.3480088292716872,39.62135264677595,-0.2288600219923735,0.1519911707283128,-399.32408,999600.67592,0.31326008
42,0.04008928571428572,0.4732142857142857,17.36607142857143,-0.03910714285714285,0.2458333333333333,2.607142857142858,10.81845238095238,0.2101190476190476,-0.024375,0.04741071428571429,,,,0.4727244648195962,0.2045406856237137,0.1413959896092522,0.8186611400525621,0.02152534703803831,0.1302248281726136,0.1437967498246531,0.295546925035305,,0.1813388599474379,0.204453074964695,,,
43,0.056875,0.4946428571428571,33.13988095238095,-0.02553571428571429,0.2553571428571428,3.75,28.67559523809524,0.1863095238095238,-0.02866071428571428,0.05723214285714286,-1243053800,963696080,681.77753,0.4935837888162378,0.1718897538949213,0.01978968553598281,0.6852632282471419,0.03235119070848148,0.2085206300866132,0.1981919430412463,0.4390637638363409,0.7752649804859613,0.3147367717528581,0.06093623616365906,963696080,-962696080,681.77753
44,0.05616071428571429,0.7660714285714285,30.46130952380953,-0.01017857142857143,0.1625,-6.892857142857142,31.20535714285714,0.2886904761904762,-0.02026785714285714,0.04044642857142857,10.869128,-306.20713,0.36244449,0.7605345027170612,0.1336774747109939,0.131768883248272,1.025980860676327,-0.09193858738517585,0.1075612194281349,0.2647943777217696,0.2804170097647287,28.1721891581367,-0.02598086067632721,0.2195829902352713,-306.20713,999693.79287,0.36244449
45,0.04812499999999999,0.9160714285714285,28.67559523809524,-0.01946428571428571,0.1815476190476191,-1.178571428571429,18.70535714285714,0.2303571428571429,-0.01366071428571429,0.04723214285714285,10.611091,-387.37618,0.31305808,0.9158776299955583,0.1483527291611597,0.1255084853187582,1.189738844475476,-0.01884221639343886,0.1313241275078013,0.2018586181929296,0.3143405293072921,36.50672489756237,-0.1897388444754762,0.1856594706927079,-387.37618,999612.62382,0.31305808
46,0.03616071428571428,0.4267857142857143,13.94345238095238,-0.001250000000000001,0.1827380952380953,-2.392857142857142,19.00297619047619,0.2065476190476191,-0.0002678571428571426,0.05741071428571428,4.7120928,-192.64353,0.11372609,0.4264135754181483,0.181166669360517,0.1661113946038667,0.7736916393825319,-0.01781877149184353,0.09396206830481593,0.1611916078904611,0.2373349047034335,40.88279628109192,0.2263083606174681,0.2626650952965666,-192.64353,999807.35647,0.11372609
47,0.05633928571428571,0.8553571428571428,11.11607142857143,-0.04267857142857143,0.1922619047619048,4.464285714285715,18.40773809523809,0.2791666666666667,-0.005446428571428571,0.03348214285714286,9.574606599999999,-375.69654,0.32059512,0.8527620287286561,0.1771611079373965,0.2172328330294231,1.247155969695476,0.06657900716683356,0.08459617062502783,0.1868489051616392,0.3380240829535006,39.2388487272156,-0.2471559696954757,0.1619759170464994,-375.69654,999624.30346,0.32059512
48,0.03580357142857143,0.5125,17.66369047619047,-0.03053571428571429,0.2922619047619048,-6.035714285714286,16.47321428571428,0.1851190476190476,-0.023125,0.04651785714285715,4.5613787,-219.69504,0.11880478,0.5096589799492043,0.268158268185245,0.1312703065488311,0.9090875546832804,-0.05388853456104133,0.1075987425619004,0.1280988455661987,0.1818090535670578,48.16417457292025,0.0909124453167196,0.3181909464329422,-219.69504,999780.30496,0.11880478
49,0.03651785714285714,0.6767857142857142,12.00892857142857,-0.05196428571428571,0.2160714285714286,4.035714285714285,11.41369047619048,0.2744047619047619,-0.009553571428571429,0.05116071428571428,7.7299746,-298.90533,0.29492083,0.6751075395298722,0.1945242349275624,0.2201705294955321,1.089802303952967,0.04763101018398094,0.1100806636449267,0.1730563359226296,0.3307680097515373,38.66834568900136,-0.08980230395296673,0.1692319902484627,-298.90533,999701.09467,0.29492083
50,0.03258928571428572,0.9874999999999999,26.14583333333334,-0.04446428571428571,0.2577380952380952,-1.035714285714286,30.90773809523809,0.1767857142857143,-0.01580357142857143,0.04901785714285714,10.583671,-382.45677,0.33395433,0.9873386644957098,0.2184653041209942,0.06370041071939701,1.269504379336101,-0.0178496944463502,0.1586690787602988,0.1842717784892186,0.3250911628031672,36.13649460569967,-0.2695043793361012,0.1749088371968328,-382.45677,999617.54323,0.33395433
51,0.03348214285714286,0.5303571428571429,16.91964285714286,-0.02053571428571429,0.1125,-5.535714285714286,10.37202380952381,0.1053571428571429,-0.00419642857142857,0.05241071428571428,3.0687607,-116.10836,0.14809385,0.5278836957153296,0.111165744830124,0.08339384300126881,0.7224432835467224,-0.05116153611373734,0.07477661421782746,0.08960235409564596,0.1132174321997361,37.83558620259964,0.2775567164532776,0.3867825678002639,-116.10836,999883.89164,0.14809385
52,0.03919642857142857,0.6232142857142857,24.50892857142857,-0.05446428571428572,0.1601190476190476,1.178571428571429,10.66964285714286,0.2708333333333333,-0.02366071428571428,0.03044642857142857,8.0317946,-309.03955,0.28071395,0.6230824422386937,0.1200127936991694,0.1835924769073083,0.9266877128451714,0.01281858386220305,0.09935892311317093,0.1777359374079669,0.2899134443833409,38.47702355336627,0.07331228715482863,0.2100865556166591,-309.03955,999690.96045,0.28071395
53,0.04330357142857143,0.6553571428571427,31.20535714285714,-0.02946428571428571,0.193452380952381,-6.821428571428571,16.17559523809524,0.1755952380952381,-0.029375,0.03758928571428571,5.8072873,-267.41401,0.20249738,0.6507179716696956,0.1514939527431726,0.09113168682902667,0.8933436112418949,-0.07784025976289349,0.1206788379985558,0.1362875032756335,0.1791260815112958,46.04800764721939,0.1066563887581051,0.3208739184887042,-267.41401,999732.5859900001,0.20249738
54,0.05544642857142857,0.5625,32.69345238095238,-0.03375,0.2041666666666667,-6.392857142857143,10.07440476190476,0.1946428571428571,-0.01276785714285714,0.04348214285714286,5.7962325,-258.6541,0.18993147,0.5590022669245438,0.1751847632770575,0.1260049702657546,0.8601920004673559,-0.06263158606662551,0.1350956697500488,0.14876014008174,0.2212242237651634,44.62452118682265,0.1398079995326441,0.2787757762348366,-258.6541,999741.3459,0.18993147
55,0.03830357142857143,0.8125,33.73511904761905,-0.03625,0.1458333333333333,-2.464285714285714,20.04464285714286,0.1196428571428572,-0.02901785714285714,0.046875,6.6989652,-268.98998,0.23458327,0.8117486136891924,0.09767157643500501,0.025646292676422,0.9350664828006194,-0.03493477026794765,0.1237790826171975,0.1183955677239834,0.2072398800732333,40.15395989816457,0.06493351719938056,0.2927601199267667,-268.98998,999731.01002,0.23458327
56,0.030625,0.6375,20.63988095238095,-0.00482142857142857,0.2803571428571429,-6.107142857142856,20.63988095238095,0.2517857142857143,-0.01705357142857143,0.04169642857142857,6.6110295,-300.20371,0.23698951,0.6338819891417501,0.258866166826615,0.178843799121325,1.07159195508969,-0.06782236977353598,0.1136249854194863,0.1811221033554821,0.2269247190014324,45.40952509741486,-0.07159195508969018,0.2730752809985676,-300.20371,999699.79629,0.23698951
57,0.03330357142857143,0.9803571428571428,15.87797619047619,-0.01303571428571429,0.1970238095238095,-6.464285714285714,12.00892857142857,0.1886904761904762,-0.009017857142857143,0.03366071428571429,4.6612163,-175.06466,0.22137406,0.974124253528175,0.1891996408313314,0.1612521536164644,1.324576047975971,-0.1103723979951336,0.06668752013272063,0.1006505568481304,0.05696567898571743,37.55772071765903,-0.3245760479759707,0.4430343210142826,-175.06466,999824.93534,0.22137406
58,0.03223214285714286,0.6410714285714285,20.78869047619048,-0.01482142857142857,0.1422619047619048,-5.821428571428571,17.66369047619047,0.1589285714285714,-0.005803571428571427,0.04383928571428571,4.2113548,-202.4556,0.15907031,0.6377653233887347,0.1361083700025505,0.1169145580154861,0.8907882514067713,-0.06502283301637049,0.08094341394188145,0.1265514918484763,0.1424720727739873,48.07374576941368,0.1092117485932287,0.3575279272260127,-202.4556,999797.5444,0.15907031
59,0.04169642857142857,0.9339285714285713,17.06845238095238,-0.02017857142857143,0.2720238095238096,-5.678571428571429,29.12202380952381,0.2386904761904762,-0.01330357142857143,0.03491071428571428,8.5104577,-302.67659,0.31785941,0.9293454531946083,0.2568826360968272,0.1615335624264344,1.34776165171787,-0.09240998407704734,0.0897761587929698,0.1866507122315226,0.1840168869474451,35.5652540285818,-0.3477616517178699,0.3159831130525549,-302.67659,999697.32341,0.31785941
60,0.05169642857142857,0.7803571428571427,26.74107142857143,-0.01553571428571428,0.1767857142857143,-5.392857142857143,20.34226190476191,0.1077380952380953,-0.01473214285714286,0.03883928571428572,5.2802033,-235.03433,0.1985687,0.7769030394587906,0.1536389472091759,0.05259312359150575,0.9831351102594723,-0.073341241384749,0.1044081679890352,0.1024685986058769,0.1335355252101631,44.51236375690307,0.01686488974052769,0.3664644747898369,-235.03433,999764.9656699999,0.1985687
61,0.049375,0.8875,30.90773809523809,-0.01803571428571429,0.1029761904761905,2.321428571428572,23.02083333333334,0.1601190476190476,-0.02848214285714286,0.03383928571428571,9.4087286,-322.01371,0.31683347,0.8867716429306142,0.05630864185289512,0.04658891797007247,0.9896692027535817,0.03594862019798774,0.08908766234912793,0.1458322889672864,0.270868571514402,34.22499720100333,0.01033079724641828,0.229131428485598,-322.01371,999677.98629,0.31683347
62,0.03705357142857143,0.4089285714285714,15.28273809523809,-0.02696428571428571,0.1958333333333334,-3.392857142857143,33.4375,0.2077380952380952,-0.010625,0.05205357142857143,7.7117719,-180.11503,0.27382463,0.4082118070215645,0.1841060590685564,0.1249295808853886,0.7172474469755094,-0.02420118052495106,0.09293894998217714,0.1964776407528546,0.2652154102100807,23.35585548115084,0.2827525530244906,0.2347845897899193,-180.11503,999819.88497,0.27382463
63,0.03598214285714286,0.5053571428571428,34.33035714285714,-0.04589285714285714,0.2244047619047619,-2.607142857142858,12.45535714285714,0.1815476190476191,-0.008839285714285713,0.04580357142857143,439768530,-308300430,387.02084,0.5048340511092291,0.1841316272052439,0.09859779568687058,0.7875634740013435,-0.02298744608213148,0.1641539254618306,0.1608325701432315,0.3019990495229306,0.7010515963932208,0.2124365259986565,0.1980009504770694,-308300430,-307300430,387.02084
64,0.05401785714285715,0.6732142857142857,17.8125,-0.01267857142857143,0.1303571428571429,0.2499999999999996,25.55059523809524,0.2029761904761905,-0.02116071428571428,0.03473214285714286,6.8832443,-274.06343,0.25654346,0.6732078771994944,0.1026209350053386,0.1160709106990809,0.8918997229039139,0.002937442143481168,0.07505726791791312,0.166469473435882,0.2444641834972763,39.81602541696798,0.1081002770960861,0.2555358165027237,-274.06343,999725.93657,0.25654346
65,0.051875,0.5410714285714285,31.94940476190476,-0.05946428571428571,0.1720238095238095,-3.464285714285714,27.48511904761905,0.1160714285714286,-0.004017857142857142,0.03419642857142857,6.4136409,-203.65481,0.22872415,0.5400827060310104,0.1492546316464959,0.04511551608292444,0.7344528537604307,-0.03269497610563056,0.1164201253411458,0.1243342521727353,0.2080594014082505,31.7533851949834,0.2655471462395693,0.2919405985917495,-203.65481,999796.34519,0.22872415
66,0.03205357142857142,0.8517857142857143,27.93154761904762,-0.05303571428571428,0.1553571428571429,0.1071428571428572,30.46130952380953,0.1482142857142857,-0.009375,0.03544642857142857,9.067725100000001,-308.78054,0.31858072,0.8517842249883814,0.1276816640284195,0.0525048710816812,1.031970760098482,0.001592834632645258,0.108457208539544,0.1532526626603818,0.263302705832571,34.05270192851346,-0.03197076009848199,0.236697294167429,-308.78054,999691.2194600001,0.31858072
67,0.05562499999999999,0.7625,19.15178571428572,-0.03696428571428571,0.293452380952381,1.678571428571428,34.03273809523809,0.2875,-0.002410714285714287,0.04366071428571428,14.030195,-383.78272,0.4164744,0.7621728000882033,0.2705829625594824,0.14768649150371,1.180442254151396,0.02233546072297485,0.147923679340741,0.2750611956970816,0.4453203357607974,27.35405459439444,-0.1804422541513957,0.05467966423920256,-383.78272,999616.21728,0.4164744
68,0.04669642857142857,0.8589285714285714,34.47916666666666,-0.02125,0.2255952380952381,1.535714285714286,22.27678571428572,0.1422619047619048,-0.01901785714285714,0.03205357142857142,10.833952,-390.23885,0.34793404,0.8586200561780865,0.1626058719480205,0.04054198461968082,1.061767912745788,0.02301933850192135,0.1641813298472204,0.1357717133510822,0.322972381700224,36.01999067376337,-0.06176791274578775,0.177027618299776,-390.23885,999609.76115,0.34793404
69,0.03026785714285714,0.6303571428571428,20.34226190476191,-0.03589285714285714,0.2529761904761905,2.178571428571428,25.69940476190476,0.1708333333333333,-0.01758928571428571,0.03169642857142857,8.6197871,-321.52299,0.30335817,0.6299015229401966,0.2149028252028352,0.08543269545518097,0.9302370435982128,0.02396244871963945,0.127899651232298,0.1499345944973284,0.3017966944492658,37.30057207561426,0.0697629564017872,0.1982033055507342,-321.52299,999678.47701,0.30335817
70,0.03455357142857143,0.7517857142857143,29.12202380952381,-0.03732142857142857,0.1577380952380952,0.6071428571428568,15.87797619047619,0.193452380952381,-0.01241071428571429,0.04151785714285714,8.602111900000001,-332.29623,0.29594478,0.7517435061155696,0.1241265196930317,0.1039683631738535,0.9798383889824549,0.007966254901283781,0.1196064619697753,0.1681320737679193,0.2957047906389785,38.62961024722312,0.0201616110175451,0.2042952093610215,-332.29623,999667.70377,0.29594478
71,0.04419642857142857,0.8803571428571428,13.19940476190476,-0.04839285714285714,0.1339285714285715,2.464285714285714,21.53273809523809,0.2398809523809524,-0.02580357142857143,0.05258928571428571,8.3148582,-340.75866,0.28356481,0.8795430034038941,0.1009139998667299,0.1520374923162192,1.132494495586843,0.03785239943318282,0.08759060219631691,0.1886894661207334,0.3141324677502331,40.98189672074023,-0.1324944955868432,0.1858675322497669,-340.75866,999659.2413399999,0.28356481
72,0.03133928571428572,0.7553571428571428,22.72321428571428,-0.03339285714285714,0.1636904761904762,-4.678571428571429,26.59226190476191,0.299404761904762,-0.02991071428571429,0.04401785714285714,8.9003865,-339.71694,0.28593612,0.752840264187857,0.12941873356309,0.1709740850420205,1.053233082792967,-0.06161128048388376,0.0970153012715623,0.2429530156927617,0.2783570364804402,38.16878514208344,-0.05323308279296746,0.2216429635195598,-339.71694,999660.28306,0.28593612
73,0.04830357142857143,0.6339285714285714,19.44940476190476,-0.01410714285714286,0.2863095238095238,-6.75,15.72916666666667,0.2636904761904762,-0.02294642857142857,0.03294642857142857,5.6642169,-276.34646,0.19424792,0.6295344682482121,0.2603905476949059,0.2022644812999217,1.09218949724304,-0.07451031445987921,0.09835628289497034,0.1526292282587118,0.1764751966938029,48.78811402861355,-0.09218949724303971,0.3235248033061972,-276.34646,999723.65354,0.19424792
74,0.05348214285714285,0.6267857142857143,14.0922619047619,-0.04660714285714286,0.2125,-3.25,19.59821428571428,0.2767857142857143,-0.00669642857142857,0.03526785714285714,5.9284387,-273.50197,0.20686623,0.6257776363671954,0.2040203881028769,0.2254214781731048,1.055219502643177,-0.03553422934775984,0.07556325817871795,0.1736101773945683,0.2136392062255264,46.13389525306216,-0.05521950264317721,0.2863607937744736,-273.50197,999726.49803,0.20686623
75,0.04026785714285714,0.6517857142857142,16.47321428571428,-0.00660714285714286,0.2839285714285714,-3.964285714285714,34.92559523809524,0.1065476190476191,-0.02276785714285714,0.03723214285714286,5.9071348,-211.89647,0.24179186,0.6502262113049709,0.2570494004538366,0.0417806770969935,0.9490562888558011,-0.04506097512173841,0.1002136929593475,0.109889839850928,0.1650425576885371,35.87127722224995,0.05094371114419893,0.3349574423114629,-211.89647,999788.10353,0.24179186
76,0.03883928571428572,0.9410714285714286,15.72916666666667,-0.05374999999999999,0.2732142857142857,1.107142857142858,12.60416666666667,0.1458333333333333,-0.018125,0.04526785714285714,6.945444,-314.20242,0.28612372,0.9408957409596558,0.2425069811095112,0.09654200529409762,1.279944727363265,0.01818346274640326,0.1240425452066077,0.1097576736705841,0.2519836816235951,45.2386370115431,-0.2799447273632647,0.2480163183764049,-314.20242,999685.79758,0.28612372
77,0.039375,0.6017857142857143,21.53273809523809,-0.04625,0.2684523809523809,1.964285714285714,20.78869047619048,0.2970238095238095,-0.02401785714285714,0.04508928571428571,11.409707,-375.54044,0.36812863,0.6014320970765675,0.2206432719599728,0.1726260205780735,0.9947013896146139,0.02062713078567875,0.1512718904641319,0.2391675231919826,0.4110665444417933,32.91411777708227,0.005298610385386149,0.0889334555582067,-375.54044,999624.45956,0.36812863
78,0.03044642857142857,0.6696428571428571,32.09821428571428,-0.007678571428571427,0.1315476190476191,-1.964285714285714,33.73511904761905,0.2648809523809524,-0.02169642857142857,0.05508928571428572,11.955438,-291.56355,0.40849966,0.6692493661831241,0.09397411341013724,0.07023965612282795,0.8334631357160893,-0.0229530387080995,0.1218405183153805,0.2745595119043628,0.3734469915116437,24.38752557622732,0.1665368642839107,0.1265530084883563,-291.56355,999708.43645,0.40849966
79,0.04366071428571428,0.8160714285714286,23.76488095238095,-0.05767857142857143,0.1386904761904762,-3.178571428571429,31.35416666666666,0.2827380952380952,-0.02241071428571428,0.03991071428571429,10.503586,-314.76819,0.34717709,0.8148159610659679,0.10967093449131,0.1392893527221598,1.063776248279438,-0.04524959803971123,0.08985800976606099,0.2521018483517317,0.2967102600780814,29.96768817811365,-0.06377624827943751,0.2032897399219186,-314.76819,999685.23181,0.34717709
80,0.05133928571428571,0.5767857142857142,34.03273809523809,-0.04875,0.1517857142857143,-2.321428571428571,20.49107142857143,0.1898809523809524,-0.01830357142857143,0.050625,8.0793903,-239.97455,0.24391073,0.5763123554659726,0.1128872662562383,0.07419165325889912,0.76339127498111,-0.0233629865673039,0.1311094272302557,0.1834862013769659,0.2912326420399176,29.70206180038115,0.23660872501889,0.2087673579600824,-239.97455,999760.02545,0.24391073
81,0.05651785714285714,0.7267857142857143,13.49702380952381,-0.03482142857142857,0.2696428571428571,-3.535714285714286,16.02678571428572,0.1672619047619048,-0.02616071428571429,0.03741071428571428,4.8104732,-234.35862,0.20613059,0.725402314755342,0.2417741602829393,0.1181114776303585,1.08528795266864,-0.04482138147567048,0.08559651733446476,0.1056129333002868,0.1463880691590811,48.71841298273942,-0.08528795266863987,0.3536119308409189,-234.35862,999765.64138,0.20613059
82,0.03633928571428571,0.9910714285714286,30.75892857142857,-0.04410714285714286,0.1398809523809524,-6.607142857142858,32.09821428571428,0.1625,-0.006517857142857143,0.03776785714285714,8.411817599999999,-270.91162,0.31381899,0.9844891573949166,0.125507475903125,0.06887992753797167,1.178876560836013,-0.1140336595153349,0.09550000917784698,0.1669088339808581,0.1483751836433702,32.2060739880998,-0.1788765608360132,0.3516248163566298,-270.91162,999729.08838,0.31381899
83,0.04705357142857142,0.8303571428571428,10.07440476190476,-0.0001785714285714272,0.1755952380952381,4.964285714285714,33.28869047619047,0.1017857142857143,-0.002232142857142856,0.04919642857142857,8.063389000000001,-255.44259,0.29537231,0.8272423333064035,0.1631002760935283,0.05275386822382384,1.043096477623756,0.07185476100895925,0.09438064292671976,0.122961765158741,0.28919716909442,31.67930878691329,-0.04309647762375568,0.21080283090558,-255.44259,999744.55741,0.29537231
84,0.04080357142857143,0.8946428571428571,16.02678571428572,-0.03446428571428571,0.2065476190476191,3.678571428571428,27.93154761904762,0.1386904761904762,-0.02741071428571428,0.04633928571428571,8.9043493,-320.06421,0.31889242,0.8927996097085559,0.1641246628758176,0.05202298363462951,1.108947256219003,0.05739946638240627,0.1141295703366851,0.1368601154529063,0.3083891521719976,35.94470513415281,-0.108947256219003,0.1916108478280024,-320.06421,999679.93579,0.31889242
85,0.03991071428571429,0.8482142857142857,13.05059523809524,-0.03196428571428572,0.2136904761904762,4.321428571428571,21.68154761904762,0.1613095238095238,-0.02151785714285714,0.05330357142857143,8.301385700000001,-325.35214,0.29583237,0.8458028309967577,0.1784700524694409,0.08881462257152886,1.113087506037728,0.06391436120048405,0.1153332202954077,0.1460800446693635,0.3253276261652553,39.19250975171531,-0.1130875060377277,0.1746723738347447,-325.35214,999674.64786,0.29583237
86,0.036875,0.4660714285714285,19.89583333333333,-0.004107142857142851,0.1648809523809524,-1.892857142857143,13.94345238095238,0.1148809523809524,-0.01616071428571429,0.05830357142857143,,,,0.4658171127399823,0.1425823620900709,0.06409228291420498,0.6724917577442582,-0.01539460974493605,0.1097647170730762,0.1112408332656998,0.20561094059384,,0.3275082422557418,0.29438905940616,,,
87,0.038125,0.9267857142857142,14.24107142857143,-0.05553571428571429,0.1017857142857143,-3.75,15.28273809523809,0.1839285714285714,-0.003839285714285712,0.03901785714285714,4.72914,-234.25042,0.20985878,0.9248013949300627,0.09880501686182508,0.1547513538038466,1.178357765595734,-0.06061468584007901,0.05771879515407005,0.1176422722710796,0.1147463815850706,49.5334077654711,-0.1783577655957345,0.3852536184149293,-234.25042,999765.7495799999,0.20985878
88,0.03776785714285714,0.5696428571428571,28.52678571428572,-0.02410714285714286,0.2220238095238095,4.607142857142858,17.96130952380953,0.2005952380952381,-0.02919642857142857,0.03919642857142857,11.54665,-326.03164,0.39217401,0.5678022684996491,0.1536711962134637,0.08010573761723458,0.8015792023303474,0.04575553060046263,0.1580823850829345,0.1729655930780098,0.3768035087614069,28.23603729220163,0.1984207976696526,0.1231964912385931,-326.03164,999673.9683600001,0.39217401
89,0.05383928571428571,0.4517857142857142,21.83035714285714,-0.004464285714285712,0.1148809523809524,-4.392857142857142,14.0922619047619,0.2363095238095238,-0.001696428571428574,0.05080357142857143,4.8309783,-183.87048,0.14875935,0.4504585073514426,0.1118013703384626,0.184580293176285,0.7468401708661901,-0.03460440416136816,0.08521009612474428,0.1715365336162645,0.2221422255796406,38.06071329279206,0.2531598291338099,0.2778577744203594,-183.87048,999816.12952,0.14875935
90,0.05455357142857142,0.6446428571428571,25.69940476190476,-0.03303571428571429,0.2755952380952381,-2.035714285714286,14.53869047619047,0.1910714285714286,-0.02758928571428571,0.036875,7.2204379,-319.02068,0.24576482,0.644236009432977,0.2261604166127294,0.1100799657819829,0.9804763918276893,-0.02289928852997921,0.1484467163335199,0.1408674189660591,0.2664148467695998,44.18301000829881,0.01952360817231069,0.2335851532304002,-319.02068,999680.97932,0.24576482
91,0.05955357142857143,0.9053571428571427,13.64583333333333,-0.04375,0.1172619047619048,-4.535714285714286,13.19940476190476,0.2672619047619048,-0.02705357142857143,0.03080357142857143,4.8543146,-252.40077,0.21275866,0.9025217761470304,0.09124986212810293,0.2156669320972286,1.209438570372362,-0.07159608720354867,0.05141287653840449,0.1275868293083119,0.1074036186431677,51.99514057041132,-0.209438570372362,0.3925963813568323,-252.40077,999747.5992300001,0.21275866
92,0.045625,0.6660714285714285,32.39583333333334,-0.05910714285714286,0.1113095238095238,-6.178571428571429,33.13988095238095,0.2851190476190476,-0.004732142857142857,0.03848214285714285,11.899952,-245.2156,0.41068578,0.6622024102107887,0.099295674472502,0.1240751139465564,0.8855731986298472,-0.0716876270370692,0.08794181354650518,0.2777380724043565,0.2939922589137925,20.60643605957402,0.1144268013701528,0.2060077410862075,-245.2156,999754.7844,0.41068578
93,0.04116071428571429,0.7946428571428571,19.00297619047619,-0.05267857142857142,0.1910714285714286,-0.1071428571428577,17.8125,0.2541666666666667,-0.01116071428571429,0.05366071428571428,8.066220400000001,-341.57,0.27560627,0.7946414677564564,0.169714031921397,0.1758253490101162,1.14018084868797,-0.001485977801943696,0.115559708651775,0.1990805273395171,0.3131542581893484,42.34573109358628,-0.1401808486879697,0.1868457418106516,-341.57,999658.4300000001,0.27560627
94,0.05241071428571428,0.6946428571428571,30.61011904761905,-0.01767857142857143,0.2660714285714286,-3.607142857142857,13.64583333333333,0.2148809523809524,-0.0008035714285714295,0.04276785714285714,8.345112200000001,-350.44877,0.27046043,0.6932666951815263,0.2389538615536761,0.1428996067926826,1.075120163527885,-0.0437034132726108,0.1635399012540126,0.1777185008276418,0.2975549888090435,41.99449469355247,-0.07512016352788509,0.2024450111909565,-350.44877,999649.55123,0.27046043
95,0.04241071428571428,0.4303571428571428,23.46726190476191,-0.01982142857142857,0.156547619047619,3.821428571428571,32.99107142857143,0.2327380952380952,-0.01955357142857143,0.031875,11.075709,-246.52561,0.37127522,0.4294002920050546,0.1174906101984536,0.08339223436930714,0.6302831365728152,0.02868204375802254,0.1022739766654003,0.2214856533710705,0.3524416737944933,22.2582238301855,0.3697168634271848,0.1475583262055067,-246.52561,999753.47439,0.37127522
96,0.05669642857142856,0.6625,34.77678571428572,-0.03839285714285715,0.2791666666666667,-4.321428571428571,23.61607142857143,0.1636904761904762,-0.01991071428571428,0.04008928571428572,8.481738099999999,-323.16604,0.26713523,0.6606165269469413,0.2238151517301856,0.05856622854391266,0.9429979072210396,-0.04992048001132544,0.1829759494205688,0.1570140811489784,0.2900695505582217,38.10139339246988,0.0570020927789604,0.2099304494417783,-323.16604,999676.83396,0.26713523
97,0.05598214285714286,0.4160714285714285,10.66964285714286,-0.01732142857142857,0.2303571428571429,-0.1785714285714288,24.80654761904762,0.1958333333333334,-0.02776785714285714,0.03276785714285714,5.5301554,-217.49765,0.14509371,0.4160694078044894,0.1988407340118868,0.1265615303358182,0.7414716721521943,-0.001296750820660453,0.07479819914384811,0.140321194214181,0.2138226425373687,39.32939208182106,0.2585283278478057,0.2861773574626313,-217.49765,999782.50235,0.14509371
98,0.05330357142857143,0.4553571428571428,22.42559523809524,-0.002321428571428572,0.2482142857142857,-2.964285714285714,32.54464285714286,0.2613095238095238,-0.0009821428571428568,0.03705357142857143,10.421611,-258.19857,0.37701869,0.4547478583417461,0.2349683214655618,0.1475856368146123,0.8373018166219202,-0.02354809726104266,0.119752395504294,0.240540784489078,0.3367450827323293,24.77530297379167,0.1626981833780798,0.1632549172676707,-258.19857,999741.80143,0.37701869
99,0.03955357142857142,0.9089285714285713,27.33630952380953,-0.05160714285714286,0.2851190476190476,-0.8928571428571432,29.27083333333334,0.1970238095238095,-0.026875,0.04955357142857143,11.278859,-396.10709,0.33684841,0.9088182119446637,0.2291887066978545,0.0648573632588217,1.20286428190134,-0.01416353052341804,0.1769339415845754,0.1951898819890964,0.3579602930502537,35.11942919048816,-0.2028642819013398,0.1420397069497463,-396.10709,999603.8929100001,0.33684841
100,0.04383928571428571,0.6803571428571428,22.27678571428572,-0.01196428571428571,0.1994047619047619,-5.964285714285714,26.88988095238095,0.1279761904761905,-0.002053571428571427,0.05348214285714285,5.7409224,-202.77505,0.21876501,0.6766742730866117,0.1948923266848335,0.07629422873736869,0.9478608285088138,-0.07069490773344542,0.1094140517073777,0.1383619760465,0.1770811200204323,35.32098779109086,0.05213917149118619,0.3229188799795677,-202.77505,999797.2249499999,0.21876501
101,0.03151785714285714,0.9589285714285714,33.88392857142857,-0.04732142857142857,0.2970238095238095,3.464285714285714,11.26488095238095,0.2696428571428571,-0.004910714285714284,0.04794642857142857,17.788092,-489.99923,0.49647683,0.957176280985652,0.2283240474682155,0.1452808866240638,1.330781215077931,0.05794456161294919,0.2277538214703253,0.2374393693865662,0.5231377524698407,27.54647491141827,-0.3307812150779312,-0.02313775246984073,-489.99923,999510.00077,0.49647683
102,0.05258928571428571,0.5375,25.25297619047619,-0.04553571428571428,0.1363095238095238,-0.3928571428571423,28.97321428571428,0.2779761904761905,-0.01526785714285714,0.05580357142857142,10.574442,-251.30395,0.34235102,0.5374873651289402,0.1087937794221664,0.1267306299108636,0.7730117744619702,-0.003685420837471265,0.1132120633128436,0.2686251916783732,0.3781518341537456,23.76522089770789,0.2269882255380298,0.1218481658462544,-251.30395,999748.69605,0.34235102
103,0.04651785714285715,0.5553571428571429,18.40773809523809,-0.04232142857142857,0.2113095238095238,-5.321428571428571,12.1577380952381,0.1696428571428572,-0.01866071428571428,0.05866071428571428,3.7890872,-192.22841,0.13485263,0.5529635991261531,0.1926819172313801,0.1219838993441917,0.867629415701725,-0.05150547702817659,0.1079829430344418,0.1252605681746389,0.1817380341809041,50.73211563988287,0.132370584298275,0.3182619658190958,-192.22841,999807.77159,0.13485263
104,0.05901785714285714,0.4410714285714285,11.5625,-0.04767857142857143,0.2601190476190476,1.321428571428571,32.69345238095238,0.1136904761904762,-0.008303571428571428,0.04258928571428571,6.057995,-182.90096,0.22451188,0.4409541275482085,0.2442867079124096,0.06198618267183179,0.7472270181324498,0.01017165179501684,0.1003869522251061,0.1208628758201762,0.2314214798402991,30.19166572438571,0.2527729818675502,0.2685785201597009,-182.90096,999817.09904,0.22451188
105,0.03794642857142857,0.7839285714285713,18.55654761904762,-0.02982142857142857,0.1351190476190476,-2.892857142857143,28.52678571428572,0.1875,-0.01294642857142857,0.05901785714285714,7.3836319,-241.93049,0.26700741,0.782929577275881,0.120149745102279,0.1060425780116645,1.009121900389824,-0.03956364655401447,0.09607686818000191,0.1840268142410457,0.2405400358670331,32.76578427480926,-0.009121900389824411,0.2594599641329669,-241.93049,999758.0695099999,0.26700741
106,0.05026785714285714,0.7410714285714285,28.37797619047619,-0.04089285714285714,0.2886904761904762,1.892857142857144,15.58035714285714,0.1375,-0.002589285714285716,0.045625,9.3939951,-360.28352,0.30923858,0.7406670566555273,0.2452332922215437,0.07053683267085134,1.056437181547922,0.02447801932623932,0.191039995952016,0.1367597216440349,0.3522777369222903,38.35253437592277,-0.05643718154792232,0.1477222630777097,-360.28352,999639.7164799999,0.30923858
107,0.040625,0.6160714285714285,18.11011904761905,-0.02232142857142857,0.1886904761904762,-3.821428571428571,22.42559523809524,0.1303571428571429,-0.011875,0.05455357142857142,4.9481324,-192.84108,0.13944349,0.6147016628288126,0.1746404743578849,0.07952587078043204,0.8688680079671296,-0.04105935724696173,0.1017939807910581,0.1278658495702779,0.1886004731143743,38.97249798732144,0.1311319920328704,0.3113995268856257,-192.84108,999807.15892,0.13944349
108,0.05294642857142857,0.4053571428571429,16.17559523809524,-0.04339285714285714,0.1589285714285714,-6.321428571428571,11.86011904761905,0.1553571428571429,-0.01544642857142857,0.04598214285714285,2.6633806,-132.31865,0.09978039599999999,0.4028925087621584,0.146294225743585,0.1212450838426533,0.6704318183483967,-0.04463227138114566,0.07460250640450211,0.1001390184311126,0.1301092534544691,49.68071405190831,0.3295681816516033,0.3698907465455309,-132.31865,999867.68135,0.09978039599999999
109,0.03669642857142857,0.9303571428571428,11.71130952380952,-0.02910714285714286,0.2053571428571429,-2.107142857142857,20.9375,0.1327380952380953,-0.019375,0.04116071428571429,5.3269919,-244.91894,0.24000023,0.9297280518939602,0.1846303481367014,0.08835128042663355,1.202709680457295,-0.03420764222754129,0.07610714589250067,0.1048040988427629,0.1467036025077223,45.97696872788561,-0.2027096804572952,0.3532963974922777,-244.91894,999755.08106,0.24000023
110,0.05776785714285714,0.6875,27.63392857142857,-0.02482142857142857,0.1982142857142857,3.535714285714286,18.85416666666667,0.2410714285714286,-0.020625,0.05883928571428571,10.243414,-344.85864,0.32814264,0.6861913788226208,0.1453853942818975,0.1067797576172243,0.9383565307217425,0.0423986040986072,0.1600458386453565,0.2244060118585288,0.4268504546024925,33.66637724493025,0.06164346927825748,0.07314954539750751,-344.85864,999655.14136,0.32814264
111,0.03098214285714285,0.9482142857142857,12.90178571428572,-0.03982142857142857,0.2148809523809524,-4.25,15.43154761904762,0.2220238095238095,-0.001875,0.03455357142857143,5.4151928,-259.77713,0.23035097,0.945606871942548,0.2131266527928001,0.1956457630265457,1.354379287761894,-0.07027072909599463,0.06692182520647466,0.1244784518647495,0.1211295479752295,47.97190785155424,-0.3543792877618936,0.3788704520247704,-259.77713,999740.2228700001,0.23035097
112,0.04455357142857143,0.8053571428571429,10.9672619047619,-0.005178571428571432,0.1839285714285714,-2.678571428571429,17.21726190476191,0.2113095238095238,-0.02544642857142857,0.05973214285714286,4.9971902,-243.15211,0.20363648,0.8044772280637058,0.1593801298272073,0.1569237547286942,1.120781112619607,-0.0376366454131701,0.0873713695653112,0.1464307257169578,0.1961654498690989,48.65776571802289,-0.1207811126196072,0.3038345501309011,-243.15211,999756.84789,0.20363648
113,0.03401785714285714,0.5017857142857143,27.1875,-0.007321428571428572,0.1232142857142857,4.821428571428572,25.25297619047619,0.2720238095238096,-0.016875,0.04705357142857142,357808100,-66592752,262.31024,0.5000101425840197,0.08371129915975788,0.1078601676548733,0.6915816093986508,0.04217535268771172,0.110778625559534,0.2597683953830566,0.4127223736303023,0.1861130365690436,0.3084183906013492,0.08727762636969771,-66592752,-65592752,262.31024
114,0.059375,0.7017857142857142,14.38988095238095,-0.03946428571428572,0.2636904761904762,-6.250000000000001,17.06845238095238,0.1541666666666667,-0.02008928571428571,0.04991071428571428,4.094223,-200.17452,0.17496663,0.6976145373595921,0.2464976267904405,0.1125308555797963,1.056643019729829,-0.07640121753003942,0.0891371352709299,0.1122246948434233,0.1249606125843137,48.89194359955479,-0.05664301972982888,0.3750393874156863,-200.17452,999799.82548,0.17496663
115,0.031875,0.7482142857142857,14.53869047619047,-0.02732142857142857,0.1863095238095238,-1.464285714285714,14.6875,0.2958333333333333,-0.02080357142857143,0.05133928571428571,6.5552155,-299.73101,0.24069077,0.7479699546154407,0.1619949815345329,0.2299021564504231,1.139867092600397,-0.01911973691017645,0.09400036205326595,0.1831010094786868,0.2579816346217763,45.72405132981517,-0.1398670926003966,0.2420183653782237,-299.73101,999700.26899,0.24069077
116,0.05044642857142857,0.5160714285714285,25.84821428571428,-0.003392857142857145,0.2422619047619048,-3.035714285714286,12.90178571428572,0.2660714285714286,-0.007232142857142858,0.05669642857142856,,,,0.5153472348672399,0.2190923955847432,0.1873849186764262,0.9218245491284094,-0.02733032935119746,0.1509288558025422,0.2047750440621847,0.3283735705135294,,0.07817545087159061,0.1716264294864706,,,
117,0.04794642857142857,0.7767857142857142,27.48511904761905,-0.05017857142857143,0.2827380952380952,0.3928571428571432,16.77083333333333,0.2125,-0.015625,0.04776785714285714,10.520355,-395.08791,0.32888851,0.7767674545883355,0.2339728899182747,0.1150309488827987,1.125771293389409,0.005326106525913634,0.1798651259215197,0.1842544490402046,0.3694456814876379,37.55461769113305,-0.1257712933894088,0.1305543185123621,-395.08791,999604.91209,0.32888851
118,0.05580357142857142,0.7446428571428571,18.85416666666667,-0.05410714285714285,0.118452380952381,-3.321428571428571,30.3125,0.2255952380952381,-0.01491071428571429,0.04669642857142857,7.9060507,-244.57999,0.27156723,0.7433920193983677,0.1019460178374382,0.1302784563017025,0.9756164935375083,-0.04314267247974184,0.07920211419438918,0.2028537860772253,0.2389132277918726,30.93579832469327,0.02438350646249166,0.2610867722081274,-244.57999,999755.42001,0.27156723
119,0.03526785714285714,0.5839285714285714,12.60416666666667,-0.006964285714285715,0.2589285714285714,0.9642857142857135,29.86607142857143,0.2625,-0.01169642857142857,0.04080357142857143,,,,0.583845875204559,0.2393204968974697,0.1696743548587494,0.9928407269607782,0.009827030947072816,0.1013473827412209,0.2173960555716877,0.3285704692599815,,0.007159273039221814,0.1714295307400185,,,
120,0.05008928571428571,0.4875,23.16964285714286,-0.003035714285714291,0.1505952380952381,-2.25,26.44345238095238,0.2482142857142857,-0.014375,0.05026785714285714,4616430.8,-5532815.3,110.50764,0.4871241551673524,0.1282779083795331,0.1367519518651027,0.7521540154119882,-0.01913916018254595,0.1045647350783862,0.224423151830873,0.3098487267267133,1.198504979214678,0.2478459845880118,0.1901512732732867,-5532815.3,-4532815.3,110.50764
121,0.04258928571428571,0.4446428571428571,19.74702380952381,-0.008392857142857139,0.2005952380952381,-0.7499999999999996,30.16369047619047,0.2577380952380952,-0.004375,0.04883928571428571,9.896925100000001,-235.91024,0.35640347,0.4446047635105853,0.1859345772045836,0.1485102848136378,0.7790496255288066,-0.005820195173687078,0.114189937787108,0.2397460760356803,0.3481158186491012,23.83672076087552,0.2209503744711934,0.1518841813508988,-235.91024,999764.08976,0.35640347
122,0.03473214285714286,0.8267857142857142,24.95535714285714,-0.02339285714285714,0.2279761904761905,-0.25,22.57440476190476,0.2172619047619048,-0.02883928571428571,0.03669642857142857,9.617778599999999,-389.98765,0.31830528,0.8267778438816072,0.1784304319669189,0.1058577045283469,1.111065980376873,-0.003607521783638683,0.1321050226746975,0.1809010257024889,0.3093985265935477,40.54862003165679,-0.111065980376873,0.1906014734064523,-389.98765,999610.01235,0.31830528
123,0.041875,0.8410714285714286,29.41964285714286,-0.008750000000000001,0.1101190476190476,2.964285714285715,26.29464285714286,0.1446428571428572,-0.01098214285714286,0.04098214285714286,9.380769900000001,-301.99119,0.30736288,0.8399460442312254,0.07990635706464544,0.04396714289856458,0.9638195441944355,0.04349472082333766,0.09933803671138436,0.1522898544339762,0.2951226119686983,32.19258048318614,0.0361804558055645,0.2048773880313017,-301.99119,999698.00881,0.30736288
124,0.05508928571428572,0.5232142857142856,28.08035714285714,-0.05875,0.2982142857142857,-4.035714285714286,29.71726190476191,0.2160714285714286,-0.004553571428571429,0.04133928571428571,9.528272899999999,-289.14117,0.29256818,0.5219169105072626,0.2707048221651209,0.1067268398382987,0.8993485725106821,-0.03682291816334147,0.1630641626089889,0.2101730397880106,0.336414284233658,30.34560124742019,0.1006514274893179,0.163585715766342,-289.14117,999710.85883,0.29256818
125,0.05526785714285714,0.5446428571428571,18.70535714285714,-0.05624999999999999,0.1160714285714286,-1.75,18.25892857142857,0.2291666666666667,-0.01848214285714286,0.03616071428571428,5.316325,-230.83326,0.17777964,0.5443888307235668,0.09365683905160399,0.1590052415657874,0.7970509113409583,-0.0166325830874927,0.07055776987736009,0.1613447665843185,0.2152699533741859,43.41970440106653,0.2029490886590417,0.2847300466258141,-230.83326,999769.16674,0.17777964
126,0.043125,0.8017857142857142,28.22916666666666,-0.05803571428571429,0.2517857142857143,3.321428571428572,25.10416666666666,0.1660714285714286,-0.01973214285714286,0.05794642857142857,11.60022,-365.32123,0.36242536,0.8004388889924872,0.1915100939821545,0.0441507182199605,1.036099701194602,0.04645338115924242,0.1884530613498897,0.1777875179294643,0.4126939604385965,31.49261220907879,-0.03609970119460226,0.08730603956140348,-365.32123,999634.67877,0.36242536
127,0.035625,0.4482142857142857,34.92559523809524,-0.05339285714285714,0.1732142857142857,-1.107142857142857,10.52083333333333,0.2244047619047619,-0.02044642857142857,0.05008928571428571,7.7404709,-260.24677,0.26088056,0.4481306090718664,0.1244325591713996,0.1156325028575967,0.6881956711008627,-0.008660434818495667,0.1468797009774891,0.1870725126923825,0.3252917788513759,33.62156816583343,0.3118043288991373,0.1747082211486241,-260.24677,999739.75323,0.26088056
128,0.05794642857142857,0.5732142857142857,20.19345238095238,-0.01839285714285714,0.2232142857142857,4.892857142857142,11.11607142857143,0.2279761904761905,-8.928571428571189e-05,0.041875,9.379858199999999,-312.73106,0.31720245,0.5711254567828246,0.1984979191795038,0.1661269896674398,0.9357503656297681,0.04889100082375862,0.1363538587542866,0.1725387561174239,0.3577836156954691,33.34070231466826,0.0642496343702319,0.1422163843045309,-312.73106,999687.26894,0.31720245
129,0.03491071428571428,0.7374999999999999,22.87202380952381,-0.01339285714285714,0.2672619047619048,-0.535714285714286,34.62797619047619,0.2922619047619048,-0.01455357142857143,0.03580357142857143,13.335882,-378.65215,0.42566532,0.7374677633387435,0.2329908161759826,0.1322615178027454,1.102720097317472,-0.006895508404081469,0.1375089378413391,0.2725984113960525,0.4032118408333101,28.39348383556483,-0.1027200973174716,0.09678815916668992,-378.65215,999621.34785,0.42566532
130,0.05080357142857143,0.6124999999999999,21.97916666666667,-0.02660714285714285,0.2363095238095238,-1.25,27.63392857142857,0.2839285714285714,-0.01794642857142857,0.038125,,,,0.6123542415864442,0.2039013184782771,0.1583653105803368,0.9746208706450581,-0.01336161708366868,0.1221494164163839,0.2415045627128706,0.3502923620455858,,0.02537912935494191,0.1497076379544142,,,
131,0.04776785714285714,0.9982142857142857,14.6875,-0.04125,0.1898809523809524,-4.464285714285714,30.75892857142857,0.2803571428571429,-0.01026785714285714,0.03330357142857143,9.3888336,-327.40302,0.33464319,0.9951857496019182,0.1792219277973301,0.1956298599051036,1.370037537304352,-0.07769867433457191,0.0677024897576272,0.2148173425914414,0.2048211580144967,34.87153292396193,-0.3700375373043518,0.2951788419855033,-327.40302,999672.59698,0.33464319
132,0.04544642857142857,0.7053571428571428,25.99702380952381,-0.001607142857142859,0.2898809523809524,0.03571428571428603,33.58630952380952,0.1339285714285715,-0.02651785714285714,0.04616071428571428,9.3057669,-319.55149,0.29973936,0.7053570058264885,0.2339239968461259,0.02364729879479856,0.9629283014674129,0.0004396715624323291,0.1733684718526547,0.1453768736913212,0.3191850171064082,34.33908171501695,0.03707169853258707,0.1808149828935918,-319.55149,999680.44851,0.29973936
133,0.03544642857142857,0.6982142857142857,31.65178571428572,-0.02196428571428571,0.299404761904762,-4.821428571428572,18.11011904761905,0.1732142857142857,-0.01776785714285714,0.05616071428571429,7.9753052,-337.55624,0.25472531,0.6957436503571234,0.2541882343647071,0.08140492248030422,1.031336807202135,-0.05868527722738534,0.1925918454349694,0.1644489906038948,0.2983555588114788,42.32518148647151,-0.03133680720213472,0.2016444411885212,-337.55624,999662.4437600001,0.25472531
134,0.05491071428571428,0.5910714285714285,23.61607142857143,-0.04482142857142857,0.1053571428571429,-1.321428571428572,24.21130952380952,0.1208333333333333,-0.02973214285714285,0.03026785714285714,,,,0.5909142357022551,0.06845496845817917,0.04417484300162468,0.7035440471620589,-0.01363083702085253,0.0709147699792099,0.1043837604295773,0.1616676933879347,,0.2964559528379411,0.3383323066120654,,,
135,0.03419642857142857,0.4589285714285714,11.26488095238095,-0.02303571428571428,0.1410714285714286,3.964285714285714,13.34821428571428,0.1744047619047619,-0.02723214285714286,0.04455357142857143,4.8571599,-195.69066,0.18998988,0.4578305104256918,0.1058702282701219,0.1151781797095454,0.6788789184053592,0.03172786467475827,0.07962098315601647,0.119261312357442,0.2306101601882167,40.28911216202703,0.3211210815946408,0.2693898398117833,-195.69066,999804.30934,0.18998988
136,0.046875,0.9446428571428571,24.21130952380952,-0.00375,0.1446428571428572,-4.75,13.79464285714286,0.2589285714285714,-0.01348214285714286,0.04866071428571429,6.9144464,-327.69001,0.24460766,0.9413984836094925,0.1269725997094488,0.1875994642954712,1.255970547614413,-0.07822418173920731,0.09780071666880143,0.1833799955009018,0.2029565304304959,47.39208188814653,-0.2559705476144125,0.2970434695695041,-327.69001,999672.30999,0.24460766
137,0.04973214285714286,0.4374999999999999,17.96130952380953,-0.03267857142857142,0.143452380952381,-2.535714285714286,29.41964285714286,0.293452380952381,-0.028125,0.04758928571428572,8.837555,-215.03365,0.3243334,0.4370716166874183,0.1122927394085849,0.1682919313732638,0.7176562874692669,-0.01935592638564351,0.08694343351563852,0.2453350107316812,0.3129225178616762,24.3318033098521,0.2823437125307331,0.1870774821383238,-215.03365,999784.96635,0.3243334
138,0.04508928571428571,0.7875,29.86607142857143,-0.01660714285714286,0.2267857142857143,3.25,16.91964285714286,0.1113095238095238,-0.01883928571428571,0.034375,9.173647000000001,-351.50727,0.32067817,0.7862334405639122,0.1691900902195935,0.03693575116191927,0.992359281945425,0.04464557020615979,0.157153070486382,0.1038113408311778,0.3056099815237196,38.31706953624877,0.007640718054575002,0.1943900184762804,-351.50727,999648.4927300001,0.32067817
139,0.04133928571428571,0.8196428571428571,19.30059523809524,-0.009107142857142859,0.1291666666666667,2.75,24.36011904761905,0.168452380952381,-0.02223214285714286,0.03241071428571429,7.9350376,-323.44,0.27822605,0.8186989453510578,0.09595692772567804,0.08337151983938124,0.998027392916117,0.03932493034160155,0.07979915475336205,0.143703646734424,0.2628277318293877,40.76099147910779,0.001972607083883027,0.2371722681706123,-323.44,999676.5600000001,0.27822605
140,0.04741071428571429,0.7910714285714285,23.91369047619048,-0.04017857142857142,0.2291666666666667,0.8928571428571428,30.61011904761905,0.2089285714285714,-0.02955357142857143,0.04473214285714285,10.526929,-352.71593,0.32468548,0.7909753789616621,0.1777743234413602,0.07299447087649841,1.041744173279521,0.01232700200761137,0.1404143965216882,0.2002165234713354,0.352957922000635,33.50606145438997,-0.04174417327952074,0.147042077999365,-352.71593,999647.2840700001,0.32468548
141,0.05991071428571429,0.6589285714285714,11.41369047619048,-0.05982142857142857,0.2089285714285714,-5.178571428571429,21.08630952380952,0.2601190476190476,-0.01633928571428571,0.04026785714285714,4.985648,-242.48274,0.18911129,0.6562389735693319,0.1950546600727917,0.2104855613741167,1.06177919501624,-0.05947496795768491,0.06426973774876278,0.1576449928356999,0.1624397626267778,48.636153214186,-0.0617791950162403,0.3375602373732222,-242.48274,999757.51726,0.18911129
142,0.03848214285714285,0.7160714285714286,25.10416666666666,-0.04196428571428572,0.2017857142857143,2.678571428571429,33.88392857142857,0.1410714285714286,-0.01383928571428571,0.04419642857142857,9.7353784,-299.55059,0.32268465,0.7152890653071974,0.1626345581698585,0.03410779490522356,0.9120314183822794,0.03346406831636631,0.1375577715050939,0.1568220264560938,0.327843866277554,30.76928062703757,0.08796858161772059,0.172156133722446,-299.55059,999700.44941,0.32268465
143,0.03973214285714285,0.9946428571428572,21.68154761904762,-0.01232142857142857,0.1482142857142857,-3.107142857142857,17.51488095238095,0.2053571428571429,-0.01401785714285714,0.05651785714285714,6.8455026,-324.0408,0.23452996,0.9931806533245335,0.1295601267245963,0.1346584731714391,1.257399253220569,-0.05391292170861136,0.1044061547833469,0.1700733468930146,0.2205665799677501,47.33630515310885,-0.2573992532205689,0.2794334200322499,-324.0408,999675.9592,0.23452996
144,0.034375,0.8089285714285714,23.31845238095238,-0.04803571428571428,0.2946428571428572,1.25,22.87202380952381,0.256547619047619,-0.02383928571428572,0.05151785714285714,12.057166,-429.45202,0.36745498,0.8087360683342837,0.2430099502197526,0.130416367850856,1.182162386404892,0.01764668378688605,0.173492181100515,0.2259083791141512,0.4170472440015522,35.61799016452125,-0.1821623864048922,0.08295275599844776,-429.45202,999570.54798,0.36745498
145,0.04758928571428572,0.5589285714285714,20.49107142857143,-0.01589285714285714,0.1660714285714286,-4.107142857142857,24.65773809523809,0.2553571428571428,-0.02669642857142857,0.04223214285714286,7.4645638,-237.47609,0.26456988,0.5574931656427172,0.1357246614829649,0.1550737099448972,0.8482915370705794,-0.0400314653846879,0.09087989049656595,0.200656368453876,0.251504793565754,31.81379332573995,0.1517084629294206,0.248495206434246,-237.47609,999762.52391,0.26456988
146,0.04919642857142857,0.8339285714285714,14.83630952380952,-0.01875,0.2767857142857143,-5.464285714285714,19.30059523809524,0.2946428571428572,-0.005267857142857144,0.05562499999999999,6.5673956,-311.04197,0.21690705,0.8301389904329883,0.273144108134402,0.2442566901702906,1.347539788737681,-0.07941107484348033,0.1009468136342637,0.1953955654095852,0.2169313042003685,47.36154009056497,-0.3475397887376812,0.2830686957996315,-311.04197,999688.95803,0.21690705
147,0.04633928571428571,0.9517857142857142,24.65773809523809,-0.006249999999999999,0.1208333333333333,4.678571428571429,12.75297619047619,0.281547619047619,-0.01133928571428571,0.03955357142857142,12.193824,-429.36976,0.36941069,0.9486143281610585,0.09080982171486306,0.1796730221703779,1.2190971720463,0.07763312647260057,0.09769735934193274,0.2176436180633546,0.3929741038778879,35.21206801082253,-0.2190971720462995,0.1070258961221121,-429.36976,999570.63024,0.36941069
148,0.033125,0.7589285714285714,15.58035714285714,-0.04982142857142857,0.1089285714285714,-1.821428571428571,19.44940476190476,0.1351190476190476,-0.00794642857142857,0.04241071428571428,4.5748977,-216.02124,0.19278634,0.7585451173539788,0.09920846090753664,0.09524678117394464,0.9530003594354601,-0.02412221940557673,0.06854913238587072,0.113306447666578,0.157733360646872,47.21881322067595,0.04699964056453987,0.342266639353128,-216.02124,999783.97876,0.19278634
149,0.04044642857142857,0.6839285714285713,26.29464285714286,-0.02517857142857143,0.256547619047619,0.4642857142857144,32.84226190476191,0.2267857142857143,-0.003660714285714286,0.05919642857142857,12.390325,-329.50499,0.38828188,0.6839061169098032,0.2249333485951635,0.08483602300448702,0.9936754885094538,0.005542027578522054,0.1746722034701755,0.2468169833557111,0.4270312144044086,26.59373260991943,0.006324511490546247,0.07296878559559145,-329.50499,999670.49501,0.38828188
150,0.03901785714285714,0.5803571428571428,32.84226190476191,-0.01446428571428572,0.1779761904761905,-4.607142857142857,34.18154761904762,0.243452380952381,-0.009732142857142856,0.04812499999999999,,,,0.5784819349918056,0.1509643077602023,0.08138611093406042,0.8108323536860683,-0.04661613619169389,0.1329501286158871,0.2535757652133462,0.3399097576375394,,0.1891676463139317,0.1600902423624606,,,
151,0.04901785714285714,0.7696428571428571,23.02083333333334,-0.05696428571428572,0.1375,2.25,31.65178571428572,0.1244047619047619,-0.006874999999999999,0.05473214285714285,8.522913900000001,-256.40257,0.27202958,0.7690494903924134,0.1153227739044991,0.038314455250115,0.9226867195470275,0.03021603677171174,0.1131184524943626,0.1508023644597229,0.2941368537257972,30.08390944791781,0.07731328045297248,0.2058631462742028,-256.40257,999743.59743,0.27202958
152,0.04883928571428571,0.4125,34.62797619047619,-0.02375,0.2327380952380952,-0.9642857142857144,11.5625,0.1267857142857143,-0.01723214285714286,0.03973214285714285,6.7709817,-230.69968,0.22333799,0.4124415815665233,0.177148169760377,0.0529298048037215,0.6425195561306218,-0.006942031036005576,0.1690272221339423,0.1135214729519549,0.2756066640498916,34.07182152035649,0.3574804438693782,0.2243933359501084,-230.69968,999769.30032,0.22333799
153,0.04848214285714286,0.6089285714285714,26.88988095238095,-0.009821428571428568,0.1946428571428571,4.392857142857142,21.83035714285714,0.2339285714285714,-0.02348214285714285,0.053125,12.04267,-323.02651,0.30620492,0.6071397272997705,0.1388625112757809,0.09275871185090767,0.838760950426459,0.04664071865227882,0.1522408997944934,0.2203092485697612,0.4191908670165334,26.82349595230958,0.161239049573541,0.08080913298346659,-323.02651,999676.97349,0.30620492
154,0.05723214285714286,0.8732142857142856,10.37202380952381,-0.03875,0.2494047619047619,0.8214285714285716,31.05654761904762,0.2505952380952381,-0.005089285714285715,0.05598214285714286,10.519149,-314.16348,0.34859788,0.8731245474340694,0.2387690906532969,0.1696352844429232,1.281528922530289,0.01251852401689404,0.1043184422267245,0.2224211905074549,0.3392581567510735,29.86586462460033,-0.2815289225302895,0.1607418432489265,-314.16348,999685.83652,0.34859788
155,0.05151785714285714,0.6196428571428571,30.3125,-0.05089285714285714,0.2505952380952381,3.178571428571429,13.05059523809524,0.1982142857142857,-0.02330357142857143,0.04848214285714286,10.763283,-345.00467,0.36130506,0.6186895809406802,0.183033404743562,0.0901498057588818,0.8918727914431239,0.03435800989010895,0.1853956326302013,0.1714524144409475,0.3912060569612577,32.05385104154559,0.1081272085568761,0.1087939430387423,-345.00467,999654.9953299999,0.36130506
156,0.04205357142857143,0.9767857142857143,29.71726190476191,-0.0008928571428571397,0.1851190476190476,0.3214285714285721,14.98511904761905,0.2982142857142857,-0.01508928571428571,0.05491071428571428,12.157021,-463.62463,0.34734607,0.9767703436490738,0.1448581631302997,0.1702316276770319,1.291860134456405,0.005479726300038444,0.1474929614543997,0.2509390104630594,0.4039116982174976,38.13636827640588,-0.2918601344564054,0.09608830178250238,-463.62463,999536.37537,0.34734607
157,0.03741071428571428,0.8374999999999999,31.80059523809524,-0.01625,0.2648809523809524,4.749999999999999,10.9672619047619,0.2529761904761905,-0.001339285714285715,0.03598214285714286,15.316342,-454.10018,0.45046863,0.8346236083418751,0.2084728536662029,0.1483456766763263,1.191442138684404,0.06935187379147112,0.1934928486009131,0.2146748622949552,0.4775195846873395,29.64808307362163,-0.1914421386844043,0.02248041531266048,-454.10018,999545.89982,0.45046863
158,0.05973214285714286,0.9553571428571428,25.55059523809524,-0.03160714285714285,0.1672619047619048,-5.607142857142857,25.99702380952381,0.1470238095238095,-0.008125,0.054375,7.0609359,-256.46252,0.2275462,0.9507859757389536,0.1544578538222098,0.07605648840946796,1.181300317970631,-0.09334505207181126,0.1119604874919689,0.1539966567532503,0.1726120921734079,36.32132108719469,-0.1813003179706312,0.3273879078265921,-256.46252,999743.5374800001,0.2275462
159,0.058125,0.5982142857142857,27.03869047619047,-0.03232142857142857,0.2077380952380952,1.821428571428572,17.36607142857143,0.2017857142857143,-0.01223214285714286,0.05544642857142857,,,,0.5979120336790186,0.1679488669176548,0.1021226086396307,0.8679835092363041,0.01901398470792519,0.1552991684267414,0.1883606274917295,0.362673780626396,,0.1320164907636959,0.137326219373604,,,
160,0.05419642857142857,0.7732142857142856,12.45535714285714,-0.04053571428571429,0.2339285714285714,4.107142857142858,31.50297619047619,0.1005952380952381,-0.01205357142857143,0.059375,8.2658568,-260.8511,0.2749486,0.7712285646111711,0.2079475633272351,0.03874691559052541,1.017923043528931,0.05537899204974397,0.1250431509472529,0.1283091921717026,0.3087313351686994,31.5576601810958,-0.01792304352893148,0.1912686648313006,-260.8511,999739.1489,0.2749486
161,0.04294642857142857,0.8446428571428571,22.12797619047619,-0.05232142857142857,0.2029761904761905,1.75,19.89583333333333,0.1494047619047619,-0.001160714285714284,0.04330357142857143,7.9366038,-329.66191,0.27898353,0.8442489079745807,0.183120781443754,0.08929144672206034,1.116661136140395,0.02579413705043949,0.1254106860066794,0.1424875396772286,0.2936923627343475,41.53689894410503,-0.1166611361403951,0.2063076372656525,-329.66191,999670.33809,0.27898353
162,0.054375,0.7196428571428571,11.86011904761905,-0.02267857142857143,0.2398809523809524,-2.75,27.1875,0.1363095238095238,-0.01598214285714286,0.035625,5.1263068,-231.38731,0.20824143,0.7188141067025627,0.2226005434343566,0.08843791820764689,1.029852568344566,-0.03452711748946716,0.07433170660196659,0.1133375986655059,0.1531421877780054,45.13723408048851,-0.02985256834456629,0.3468578122219946,-231.38731,999768.61269,0.20824143
163,0.03866071428571428,0.6053571428571428,12.30654761904762,-0.05053571428571428,0.2410714285714286,2.392857142857143,27.78273809523809,0.2458333333333333,-0.01419642857142857,0.05776785714285714,9.417531800000001,-265.77327,0.27010167,0.6048292973504279,0.2165853332213942,0.1529088416037095,0.9743234721755316,0.02527432441730107,0.1182961373147492,0.2183009197881808,0.361871381520231,28.22111734201949,0.02567652782446839,0.138128618479769,-265.77327,999734.22673,0.27010167
164,0.05116071428571428,0.8696428571428571,21.08630952380952,-0.03767857142857143,0.2541666666666667,-1.535714285714286,28.08035714285714,0.1029761904761905,-0.013125,0.049375,7.1210154,-281.85345,0.25186896,0.8693304934692893,0.2277159990681573,0.04050489774361562,1.137551390281062,-0.02330648201753783,0.1347631286652771,0.118217030726105,0.2296736773738444,39.58051403736608,-0.1375513902810621,0.2703263226261556,-281.85345,999718.1465499999,0.25186896
165,0.05473214285714285,0.8660714285714285,28.82440476190476,-0.002678571428571426,0.2625,2.892857142857142,16.62202380952381,0.2351190476190476,-0.01044642857142857,0.05294642857142857,12.943078,-453.88307,0.36351743,0.8649677562159506,0.2101911095254993,0.1195662219505096,1.19472508769196,0.04370926783302281,0.1903553305019526,0.2152031067383394,0.4492677050733148,35.06762997178878,-0.1947250876919595,0.05073229492668524,-453.88307,999546.11693,0.36351743
166,0.05883928571428571,0.8624999999999999,33.58630952380952,-0.03553571428571428,0.1803571428571429,-1.678571428571429,23.91369047619048,0.1220238095238095,-0.00705357142857143,0.05633928571428571,8.238230099999999,-298.96244,0.2455661,0.8621298886243611,0.1477050034343237,0.03278372814256993,1.042618620201255,-0.02526470147352894,0.1518500325509442,0.1450474180219984,0.2716327490994136,36.28964430114668,-0.04261862020125484,0.2283672509005864,-298.96244,999701.03756,0.2455661
167,0.05866071428571428,0.9375,34.18154761904762,-0.04946428571428571,0.281547619047619,-5.892857142857142,14.24107142857143,0.2422619047619048,-0.01151785714285714,0.05991071428571429,9.9577855,-411.69836,0.28529602,0.9325458976503798,0.2426165972788956,0.1399943302524761,1.315156825181751,-0.09625174686958911,0.194206117030641,0.2110596825427506,0.3090140527038024,41.34436918730575,-0.3151568251817514,0.1909859472961976,-411.69836,999588.30164,0.28529602
168,0.05098214285714285,0.8839285714285714,12.1577380952381,-0.03089285714285714,0.1196428571428572,3.035714285714286,22.12797619047619,0.2232142857142857,-0.003482142857142857,0.04205357142857143,8.1487862,-338.38078,0.28264871,0.8826881704473487,0.1097565673320996,0.1631286600950669,1.155573397874515,0.04681146376762196,0.07316601767894859,0.1750027198080817,0.2949802012546523,41.52529857759675,-0.1555733978745151,0.2050197987453477,-338.38078,999661.61922,0.28264871
169,0.05503012048192771,0.7343373493975903,34.62349397590361,-0.02078313253012048,0.2126506024096386,-1.831325301204819,17.9066265060241,0.1018072289156627,-0.0297289156626506,0.03171686746987952,7.0745878,-300.67502,0.23350693,0.7339622776305083,0.1500625894738674,0.02231543012122458,0.9063402972256003,-0.02346737598700447,0.1478208656197121,0.0893426771326252,0.2136961667653329,42.50071219697069,0.09365970277439972,0.2863038332346671,-300.67502,999699.32498,0.23350693
170,0.05484939759036144,0.9873493975903613,10.82831325301205,-0.02006024096385542,0.2897590361445783,-0.5301204819277103,21.21987951807229,0.1042168674698795,-0.009307228915662651,0.04274096385542168,6.2570571,-251.28271,0.2797192,0.9873071364049121,0.2761798323899018,0.07204415856287094,1.335531127357685,-0.009135169729226194,0.09462581208325996,0.09486976067306369,0.1803604030270974,40.15988762512652,-0.3355311273576849,0.3196395969729026,-251.28271,999748.7172899999,0.2797192
171,0.04183734939759036,0.9403614457831324,15.94879518072289,-0.04030120481927711,0.1632530120481928,-5.373493975903614,33.87048192771084,0.15,-0.02268072289156626,0.0328012048192771,6.6165649,-235.83899,0.27407491,0.9362289279302002,0.1409707955542928,0.07877159853559218,1.155971322020085,-0.08806272322618129,0.06474249071468458,0.1331166270139622,0.1097963945024655,35.64372050518238,-0.1559713220200851,0.3902036054975345,-235.83899,999764.16101,0.27407491
172,0.05448795180722892,0.8463855421686747,19.71385542168675,-0.02873493975903614,0.113855421686747,2.72289156626506,21.67168674698795,0.1993975903614458,-0.02737951807228916,0.0478012048192771,8.1481783,-315.25731,0.28860152,0.8454299514328028,0.07561730262645715,0.09962133458866843,1.020668588647928,0.04020799935945879,0.089900988874349,0.1725173770665906,0.3026263653003984,38.69052669110101,-0.02066858864792831,0.1973736346996016,-315.25731,999684.74269,0.28860152
173,0.03171686746987952,0.5427710843373493,13.38855421686747,-0.01897590361445783,0.1090361445783133,-4.361445783132531,15.94879518072289,0.1933734939759036,-0.005331325301204819,0.05521084337349397,3.527852,-170.85344,0.13782459,0.5411993010058945,0.1065684393722203,0.1613622866793059,0.8091300270574209,-0.04127670751735396,0.07256436054608426,0.1353399763231669,0.1666276293518971,48.42987744383834,0.1908699729425791,0.3333723706481029,-170.85344,999829.14656,0.13782459
174,0.0530421686746988,0.9801204819277107,29.95481927710843,-0.04969879518072289,0.1945783132530121,-2.987951807228916,24.38253012048193,0.1355421686746988,-0.01689759036144578,0.0375,8.0289453,-331.17998,0.2673333,0.9787880256902276,0.1585017054130961,0.05258989864379573,1.189879629747119,-0.05108972362064956,0.1265662582059333,0.1316142011546664,0.2070907357399501,41.24825461197251,-0.1898796297471195,0.2929092642600499,-331.17998,999668.82002,0.2673333
175,0.05539156626506024,0.4740963855421686,30.4066265060241,-0.04174698795180723,0.2536144578313253,-0.09638554216867412,20.91867469879518,0.1427710843373494,-0.003343373493975905,0.0338855421686747,,,,0.4740957147081613,0.2156603553804508,0.069416967399309,0.7591730374879211,-0.0007975459273986325,0.161885754628202,0.1388782906059018,0.2999664993067052,,0.2408269625120789,0.2000335006932948,,,
176,0.04364457831325301,0.9295180722891565,12.6355421686747,-0.05765060240963855,0.2451807228915663,-2.048192771084337,25.88855421686747,0.1295180722891567,-0.01237951807228916,0.04509036144578314,6.9202289,-234.56766,0.28998616,0.9289242206133459,0.230246676462087,0.08369296665445317,1.242863863729886,-0.03322106365000106,0.09055211241717295,0.1190447057015694,0.1763757544687413,33.89593948257983,-0.2428638637298861,0.3236242455312587,-234.56766,999765.4323400001,0.28998616
177,0.04852409638554217,0.4993975903614457,15.04518072289157,-0.000542168674698796,0.1957831325301205,-3.132530120481928,34.47289156626506,0.1801204819277109,-0.01743975903614458,0.04021084337349397,453354250,-379114000,266.43097,0.4986513933416638,0.1763502861619894,0.09888301693548897,0.7738846964391423,-0.02728994644984874,0.08151736817844552,0.1661517573768367,0.2203791791054335,0.8362422983792476,0.2261153035608577,0.2796208208945665,-379114000,-378114000,266.43097
178,0.03117469879518072,0.5572289156626505,18.96084337349398,-0.02548192771084337,0.2295180722891566,-6.457831325301205,29.05120481927711,0.2548192771084337,-0.01798192771084337,0.04563253012048193,7.9070436,-237.49596,0.32311583,0.5536932436551686,0.211339513914033,0.1632539861746599,0.9282867437438614,-0.06267261268840996,0.09705403208381083,0.2096862920500999,0.2440677114455008,30.03599980149344,0.07171325625613856,0.2559322885544992,-237.49596,999762.50404,0.32311583
179,0.04454819277108434,0.5933734939759036,34.77409638554217,-0.05909638554216867,0.205421686746988,-0.2409638554216866,29.95481927710843,0.2969879518072289,-0.02394578313253012,0.05394578313253012,13.573668,-327.37917,0.37989649,0.5933682464323911,0.1455073833448767,0.07760554087255694,0.8164811706498247,-0.002495491719265929,0.1704960151485507,0.298896068762394,0.4668965921916788,24.11869584551501,0.1835188293501753,0.03310340780832122,-327.37917,999672.62083,0.37989649
180,0.04527108433734939,0.622289156626506,14.74397590361446,-0.01283132530120482,0.1295180722891566,-2.120481927710843,11.58132530120482,0.2451807228915663,-0.01274096385542169,0.0483433734939759,4.5202471,-224.29191,0.1783983,0.6218630320796642,0.115443773018951,0.2006277104875673,0.9379345155861823,-0.0230252858313344,0.07708701634879264,0.144914362584419,0.1989760931018773,49.61939138238704,0.06206548441381765,0.3010239068981228,-224.29191,999775.70809,0.1783983
181,0.05231927710843373,0.730722891566265,21.37048192771084,-0.004156626506024094,0.25,-2.843373493975904,30.4066265060241,0.294578313253012,-0.02322289156626506,0.04382530120481928,11.151724,-340.54426,0.36359215,0.7298232776989527,0.2160230462206706,0.1575727940686749,1.103419117988298,-0.03624813909321262,0.1243616638305595,0.2562722473599664,0.3443857720973133,30.53736444696802,-0.1034191179882982,0.1556142279026867,-340.54426,999659.45574,0.36359215
182,0.05340361445783132,0.7415662650602409,23.93072289156627,-0.01427710843373494,0.1186746987951807,0.771084337349397,27.84638554216868,0.1487951807228916,-0.02213855421686747,0.05954819277108434,7.8766139,-251.73589,0.25364596,0.741499111056153,0.08487744763563941,0.0454837414766053,0.8718603001683977,0.009979668247518402,0.108838519338888,0.1629709293234458,0.2817891169098521,31.95991236792755,0.1281396998316023,0.2182108830901479,-251.73589,999748.26411,0.25364596
183,0.0405722891566265,0.5825301204819276,14.14156626506024,-0.03740963855421686,0.1102409638554217,-5.879518072289157,24.23192771084337,0.1126506024096386,-0.01960843373493976,0.03641566265060241,,,,0.5794657205124779,0.09332181970834723,0.07037703913941115,0.7431645793602363,-0.0596726069452639,0.05407443237050396,0.09373710033088138,0.08813892575612144,,0.2568354206397637,0.4118610742438786,,,
184,0.03912650602409638,0.7596385542168674,32.81626506024097,-0.04897590361445783,0.2222891566265061,4.457831325301205,33.71987951807229,0.1897590361445783,-0.01021084337349398,0.04743975903614458,22.392391,-307.39002,0.63635319,0.757340501912157,0.1630187855131984,0.02494223175340367,0.945301519178759,0.05904318094526037,0.1811272966003503,0.2109802806711968,0.4511507582168074,13.72743178698514,0.05469848082124096,0.04884924178319255,-307.39002,999692.60998,0.63635319
185,0.04707831325301205,0.8608433734939759,11.58132530120482,-0.05403614457831325,0.2355421686746988,1.927710843373494,12.18373493975904,0.2813253012048192,-0.009126506024096386,0.03515060240963856,7.6008649,-329.3404,0.28569329,0.8603561909793306,0.2187216886102463,0.2364260155330324,1.315503895122609,0.02895752634508943,0.08984605460700681,0.1540134423115887,0.272817023263685,43.3293321658697,-0.3155038951226092,0.227182976736315,-329.3404,999670.6596,0.28569329
186,0.03804216867469879,0.7849397590361445,29.80421686746988,-0.03018072289156626,0.241566265060241,-1.614457831325301,32.21385542168674,0.2198795180722892,-0.006777108433734941,0.03912650602409638,11.697414,-364.32708,0.36562487,0.7846281674342164,0.2072415104795699,0.08413928055836442,1.076008958472151,-0.02211479560258333,0.1534161809661059,0.2224751459599273,0.3537765313234499,31.14595072038999,-0.07600895847215061,0.1462234686765501,-364.32708,999635.67292,0.36562487
187,0.03478915662650602,0.6837349397590361,10.67771084337349,-0.0222289156626506,0.2909638554216867,2.867469879518073,19.71385542168675,0.2246987951807229,-0.02231927710843373,0.05484939759036144,7.7766749,-310.90177,0.30250505,0.6828788494259816,0.257835629060245,0.1533481907393947,1.094062669225621,0.03420445663857702,0.1218114225861216,0.1713268094363454,0.327342688661044,39.97875364443999,-0.09406266922562123,0.172657311338956,-310.90177,999689.09823,0.30250505
188,0.04689759036144578,0.7054216867469879,17.9066265060241,-0.03632530120481928,0.2849397590361445,1.566265060240964,26.49096385542169,0.1030120481927711,-0.02521084337349398,0.05593373493975903,7.0307134,-270.91985,0.24929644,0.7051581282506332,0.2419107458241909,0.02919003088185518,0.9762589049566792,0.01928134577847514,0.1502115012953416,0.11838548917417,0.2878783362479868,38.5337638709608,0.02374109504332078,0.2121216637520132,-270.91985,999729.0801500001,0.24929644
189,0.04039156626506024,0.8391566265060241,24.23192771084337,-0.03162650602409638,0.2692771084337349,-3.783132530120482,15.19578313253012,0.2042168674698795,-0.01707831325301205,0.03045180722891566,7.3125212,-344.36767,0.26418492,0.8373280501904956,0.2372766720434357,0.1393152753364377,1.213919997570369,-0.05536768166677849,0.1255896627479148,0.1415747133794298,0.2117966944605661,47.09287817175832,-0.2139199975703689,0.2882033055394339,-344.36767,999655.6323300001,0.26418492
190,0.0483433734939759,0.7379518072289156,26.94277108433735,-0.02439759036144578,0.2042168674698795,-5.734939759036144,18.05722891566265,0.2259036144578313,-0.02900602409638554,0.0411144578313253,6.911295,-312.0182,0.23661759,0.7342582244145973,0.1656337318210602,0.1329857118942532,1.032877668129911,-0.07374096332395899,0.1176830038674343,0.1708133661474641,0.2147554066909395,45.14612673891072,-0.03287766812991078,0.2852445933090605,-312.0182,999687.9818,0.23661759
191,0.04328313253012048,0.8210843373493976,32.96686746987952,-0.03379518072289157,0.1512048192771084,3.734939759036146,23.4789156626506,0.1716867469879518,-0.002981927710843373,0.05647590361445783,11.702232,-336.75302,0.35618436,0.8193404199293557,0.1145750089868536,0.0492303340991113,0.9831457630153205,0.05348612259723509,0.1465293342631573,0.1924529012771527,0.3924683581375451,28.77681966995698,0.01685423698467947,0.1075316418624549,-336.75302,999663.2469800001,0.35618436
192,0.03243975903614458,0.8174698795180723,27.24397590361446,-0.02295180722891566,0.2572289156626506,3.518072289156627,21.82228915662651,0.2620481927710843,-0.01780120481927711,0.04978915662650602,14.538273,-447.4886,0.42676204,0.8159293516292135,0.2002136297647649,0.1184562388595816,1.13459922025356,0.05016270595993422,0.1801688354241902,0.2418103153040533,0.4721418566881778,30.7800383167932,-0.13459922025356,0.02785814331182224,-447.4886,999552.5114,0.42676204
193,0.05141566265060241,0.4451807228915662,33.56927710843374,-0.02728915662650602,0.2825301204819277,-5.951807228915663,13.23795180722892,0.2644578313253012,-0.00460843373493976,0.03099397590361446,8.7916414,-316.27274,0.21845439,0.4427809605334823,0.2489695143562705,0.1815749074842936,0.8733253823740464,-0.04616164017129688,0.1622761799757772,0.1983220387403697,0.31443657854485,35.97425390894583,0.1266746176259536,0.18556342145515,-316.27274,999683.72726,0.21845439
194,0.05557228915662651,0.4126506024096385,21.06927710843373,-0.02186746987951807,0.2343373493975904,4.168674698795181,10.67771084337349,0.122289156626506,-0.01924698795180723,0.04852409638554217,6.2551527,-219.66454,0.23672637,0.4115588814563791,0.1892452105814806,0.06094030641064889,0.6617443984485085,0.02999677921730218,0.1469130168705157,0.107419775236253,0.2843295713240708,35.11737451269575,0.3382556015514915,0.2156704286759292,-219.66454,999780.33546,0.23672637
195,0.04201807228915663,0.5030120481927711,24.68373493975903,-0.003795180722891568,0.1307228915662651,-2.19277108433735,17.60542168674699,0.2090361445783133,-0.0183433734939759,0.03731927710843373,5.6635986,-239.36845,0.19180889,0.5026437185183164,0.103878050629628,0.1286805087585401,0.7352022779064844,-0.01924611288458611,0.08800023657026748,0.1620987688902241,0.2308528925759054,42.26437410306585,0.2647977220935156,0.2691471074240945,-239.36845,999760.63155,0.19180889
196,0.04490963855421687,0.8897590361445783,27.84638554216868,-0.0294578313253012,0.1042168674698795,0.04819277108433706,10.22590361445783,0.1102409638554217,-0.003885542168674696,0.04960843373493976,5.9768191,-265.53035,0.23136877,0.8897587213980713,0.08818063213479478,0.06008495613377094,1.038024309666637,0.0007483962842878572,0.09836261179755781,0.1100802262902041,0.2091912343720498,44.42670014891366,-0.03802430966663706,0.2908087656279502,-265.53035,999734.46965,0.23136877
197,0.04075301204819277,0.539156626506024,17.60542168674699,-0.0558433734939759,0.2716867469879518,4.240963855421686,25.73795180722891,0.1198795180722892,-0.01599397590361446,0.05177710843373494,7.7512639,-251.05606,0.2772277,0.5376803403869486,0.2323963659593372,0.04674660918265997,0.8168233155289456,0.03987128624375531,0.1515524702312716,0.1306106295930926,0.3220343860681195,32.38904819122466,0.1831766844710544,0.1779656139318805,-251.05606,999748.94394,0.2772277
198,0.05792168674698795,0.7813253012048192,31.15963855421687,-0.0413855421686747,0.1078313253012048,3.951807228915663,23.17771084337349,0.2849397590361445,-0.02882530120481928,0.03135542168674699,23.648505,-320.53879,0.69052202,0.7794675995983955,0.0572920816119088,0.1081588864570897,0.944918567667394,0.05384688922414145,0.09131550700976801,0.2514719885495973,0.3966343847835068,13.55429402408313,0.05508143233260598,0.1033656152164932,-320.53879,999679.46121,0.69052202
199,0.03641566265060241,0.8355421686746988,12.33433734939759,-0.02042168674698795,0.2090361445783133,-6.674698795180722,33.26807228915663,0.1403614457831325,-0.01328313253012048,0.03153614457831325,6.6310387,-160.87857,0.3221024,0.8298789250627285,0.1984895670758083,0.09286425452979147,1.121232746668328,-0.0971168645001934,0.05348120904753698,0.118267072317453,0.07463141686479653,24.26144338442784,-0.1212327466683283,0.4253685831352035,-160.87857,999839.1214300001,0.3221024
200,0.04021084337349397,0.6620481927710843,19.41265060240964,-0.05981927710843374,0.2668674698795181,4.385542168674699,14.89457831325301,0.1210843373493976,-0.01725903614457831,0.03081325301204819,7.8221213,-293.96012,0.30577669,0.6601097683051228,0.224611654937992,0.06628225410454773,0.9510036773476626,0.05062512557629748,0.1370886905124711,0.09692414065360241,0.2846379567423709,37.58061384192546,0.04899632265233744,0.2153620432576291,-293.96012,999706.0398800001,0.30577669
201,0.05286144578313253,0.6909638554216867,32.21385542168674,-0.04283132530120481,0.1560240963855422,-5.012048192771084,32.96686746987952,0.2283132530120482,-0.02683734939759036,0.03460843373493976,9.3113738,-281.30505,0.29998249,0.6883218507174361,0.1150569770899219,0.0738844388650305,0.8772632666723885,-0.06036621011894933,0.1081434222299826,0.2165730477741652,0.2643502598851985,30.21090722402316,0.1227367333276115,0.2356497401148015,-281.30505,999718.69495,0.29998249
202,0.03731927710843373,0.694578313253012,13.84036144578313,-0.007771084337349389,0.1259036144578313,-1.325301204819277,32.06325301204819,0.158433734939759,-0.003704819277108433,0.05231927710843373,7.2007423,-201.58095,0.28990468,0.6943925089444037,0.1204182832576689,0.09789686516110013,0.9127076573631727,-0.01606476776351002,0.0796738075774841,0.161475326653082,0.2250843664670561,27.99446801477675,0.08729234263682728,0.2749156335329439,-201.58095,999798.41905,0.28990468
203,0.0302710843373494,0.466867469879518,16.85240963855422,-0.005240963855421686,0.1126506024096386,2.939759036144578,11.28012048192771,0.2066265060240964,-0.02936746987951807,0.04581325301204819,5.1872835,-213.49411,0.20541805,0.4662530764758591,0.074317600641811,0.1338336331312401,0.6744043102489102,0.02394374883971548,0.08239136748409742,0.1398067249248161,0.246141841248629,41.15720877796635,0.3255956897510898,0.253858158751371,-213.49411,999786.50589,0.20541805
204,0.05665662650602409,0.9150602409638554,12.03313253012048,-0.02837349397590361,0.1319277108433735,-6.240963855421686,18.2078313253012,0.2704819277108434,-0.0008132530120481922,0.04075301204819277,4.9935779,-247.05434,0.21499024,0.9096371321508266,0.1348759862862808,0.2421756287221627,1.28668874715927,-0.09947629066892687,0.05391408389120975,0.150477785581301,0.1049155788035839,49.47441392673578,-0.2866887471592701,0.3950844211964161,-247.05434,999752.94566,0.21499024
205,0.03966867469879518,0.4198795180722891,27.69578313253012,-0.05692771084337349,0.1246987951807229,-2.409638554216868,18.65963855421687,0.2921686746987951,-0.008042168674698796,0.03984939759036144,8.8222951,-220.29541,0.26520452,0.4195082486150131,0.1063912481243013,0.1860676570669383,0.7119671538062528,-0.01765330112421214,0.0934160308900165,0.235354586405205,0.3111173161710094,24.97030619617338,0.2880328461937472,0.1888826838289906,-220.29541,999779.70459,0.26520452
206,0.04292168674698795,0.8283132530120482,31.76204819277109,-0.01753012048192771,0.1789156626506024,2.578313253012049,14.74397590361446,0.1367469879518072,-0.009849397590361445,0.0597289156626506,8.890785899999999,-333.39543,0.28940487,0.8274747252941369,0.1352045386896067,0.04773587743139988,1.010415141415143,0.03726156350442241,0.1601531053736593,0.1470983160329411,0.3445129849110228,37.49898307640048,-0.01041514141514344,0.1554870150889772,-333.39543,999666.60457,0.28940487
207,0.05810240963855422,0.4777108433734939,19.56325301204819,-0.05656626506024096,0.1656626506024096,3.445783132530121,31.31024096385542,0.205421686746988,-0.02629518072289157,0.03623493975903614,,,,0.4768471992582294,0.1240575559680636,0.08144928698489745,0.6823540422111904,0.02871233944138383,0.09934258879557697,0.189933931001074,0.3179888592380348,,0.3176459577888096,0.1820111407619652,,,
208,0.04653614457831325,0.7090361445783132,11.88253012048193,-0.04572289156626506,0.2271084337349398,0.9879518072289151,32.66566265060241,0.1704819277108434,-0.02665662650602409,0.05448795180722892,8.375015100000001,-247.83692,0.30759546,0.7089307413594312,0.193810426074871,0.08129164621479662,0.9840328136490988,0.01222531284040951,0.1046081610822762,0.168852961376331,0.2856864352990168,29.59241470501945,0.01596718635090122,0.2143135647009832,-247.83692,999752.16308,0.30759546
209,0.05069277108433735,0.7560240963855421,33.71987951807229,-0.04246987951807229,0.1692771084337349,-4.506024096385541,25.28614457831326,0.2957831325301205,-0.02159638554216867,0.05015060240963855,11.263841,-333.5378,0.32936773,0.7536872856361639,0.1301561449158092,0.1284356844848193,1.012279115036792,-0.05939621019868929,0.1343114904985028,0.2740327246536008,0.3489480049534143,29.61137324292841,-0.01227911503679247,0.1510519950465857,-333.5378,999666.4622,0.32936773
210,0.04743975903614458,0.7957831325301205,29.50301204819277,-0.03343373493975903,0.2307228915662651,-4.795180722891566,23.93072289156627,0.2740963855421687,-0.02448795180722892,0.04310240963855422,9.7766053,-387.59638,0.29350355,0.792997807258139,0.1888013165771638,0.1408622657201228,1.122661389555426,-0.06652271569347483,0.141438742266935,0.2346453379803264,0.3095613645537866,39.64529282981282,-0.1226613895554256,0.1904386354462134,-387.59638,999612.40362,0.29350355
211,0.04870481927710843,0.5789156626506023,26.64156626506024,-0.01319277108433735,0.1548192771084337,3.662650602409638,15.04518072289157,0.1234939759036145,-0.02466867469879518,0.04870481927710843,,,,0.5777332117315306,0.1059348868632771,0.04091536759761821,0.724583466192426,0.03698216495226424,0.1251498991147497,0.1174564314538597,0.2795884955208736,,0.275416533807574,0.2204115044791264,,,
212,0.04617469879518072,0.7632530120481927,30.55722891566265,-0.05945783132530121,0.1283132530120482,-4,32.3644578313253,0.2391566265060241,-0.02015060240963856,0.03822289156626506,,,,0.7613937660718055,0.09733947319507122,0.0883412425219844,0.9470744817888611,-0.05324183869506431,0.09690317973048873,0.2300094545797767,0.2736707956152011,,0.05292551821113889,0.2263292043847989,,,
213,0.04436746987951807,0.430722891566265,34.02108433734939,-0.008132530120481929,0.1174698795180723,-2.698795180722891,31.00903614457831,0.1596385542168675,-0.00858433734939759,0.04165662650602409,11.807129,-152.01474,0.44613755,0.4302451618605208,0.09373603190590078,0.04514093860466491,0.5691221323710866,-0.02028077944307732,0.1030815109991563,0.1725063785252617,0.2553071100813408,12.87482672544697,0.4308778676289134,0.2446928899186592,-152.01474,999847.98526,0.44613755
214,0.04509036144578314,0.7451807228915662,21.5210843373494,-0.04536144578313252,0.1391566265060241,-4.144578313253012,29.80421686746988,0.1186746987951807,-0.02123493975903614,0.03424698795180722,5.5318455,-210.53095,0.20989744,0.7432319659730224,0.1141016587050519,0.05016810062478545,0.9075017253028599,-0.05385679646129343,0.07725120446527023,0.1133902869061936,0.1367846949101704,38.05799529289095,0.09249827469714011,0.3632153050898296,-210.53095,999789.46905,0.20989744
215,0.0328012048192771,0.813855421686747,15.49698795180723,-0.01030120481927711,0.2367469879518072,1.710843373493976,14.14156626506024,0.1150602409638554,-0.000271084337349398,0.03478915662650602,5.9068294,-276.06516,0.23631699,0.8134926275699139,0.2248400957861683,0.08771174042084387,1.126044463776926,0.02429798959399717,0.1048044567550476,0.09301245857597649,0.2221149049250212,46.73660627476391,-0.126044463776926,0.2778850950749788,-276.06516,999723.93484,0.23631699
216,0.03515060240963855,0.6692771084337349,18.50903614457831,-0.04391566265060241,0.1271084337349398,-4.867469879518072,30.85843373493976,0.1307228915662651,-0.02105421686746988,0.03063253012048193,5.0871695,-188.67522,0.22184661,0.6668634486990068,0.1051436448863726,0.06555328463337912,0.8375603782187586,-0.05678898363845307,0.06228669945269409,0.1164276993687055,0.1219254151829465,37.08844771144346,0.1624396217812414,0.3780745848170535,-188.67522,999811.32478,0.22184661
217,0.03081325301204819,0.7704819277108433,18.05722891566265,-0.05801204819277108,0.105421686746988,-1.759036144578313,23.62951807228916,0.1162650602409639,-0.002259036144578317,0.04599397590361445,5.2875337,-200.12881,0.21045671,0.7701188474736467,0.1003390924276632,0.07408258251156997,0.9445405224128799,-0.02365082862986884,0.07562681180253168,0.118133010624138,0.1701089937968009,37.84917909837624,0.05545947758712011,0.3298910062031991,-200.12881,999799.87119,0.21045671
218,0.03063253012048193,0.9042168674698795,16.09939759036145,-0.05620481927710843,0.1463855421686747,0.3373493975903621,16.40060240963856,0.2475903614457831,-0.0255722891566265,0.05087349397590361,7.35282,-331.70504,0.27472898,0.9042011943315368,0.1145317796328993,0.1691065024400988,1.187839476404535,0.005323869501052229,0.09214281118443779,0.1758159496548474,0.2732826303403374,45.11262889612421,-0.1878394764045348,0.2267173696596626,-331.70504,999668.29496,0.27472898
219,0.05177710843373494,0.7271084337349397,16.40060240963856,-0.0269277108433735,0.2632530120481928,-6.313253012048193,22.27409638554217,0.2837349397590361,-0.02503012048192771,0.0405722891566265,6.431746,-306.41336,0.22822244,0.7226989183507151,0.2387667880008657,0.2079181695944996,1.16938387594608,-0.07995591174630955,0.08918725168657046,0.1874326543261703,0.1966639942664313,47.64077437137598,-0.1693838759460804,0.3033360057335687,-306.41336,999693.58664,0.22822244
220,0.04671686746987952,0.8427710843373493,33.41867469879518,-0.03271084337349398,0.1849397590361446,-6.602409638554216,26.34036144578313,0.105421686746988,-0.007680722891566264,0.05900602409638554,6.5683161,-242.85843,0.21580367,0.8371817682794357,0.1642055938198318,0.02973980042972227,1.03112716252899,-0.09690091565959862,0.1429298549101625,0.1335619965547024,0.1795909358052662,36.97422997044859,-0.03112716252898973,0.3204090641947338,-242.85843,999757.14157,0.21580367
221,0.05774096385542168,0.7885542168674698,25.43674698795181,-0.009939759036144576,0.1620481927710843,-0.9638554216867465,23.32831325301205,0.1319277108433735,-0.02376506024096385,0.04093373493975903,6.8097982,-274.41199,0.23009349,0.7884426411096318,0.1244162331318338,0.05002924159556181,0.9628881158370274,-0.01326478871060516,0.1084582269482228,0.1251456815137017,0.2203391197513193,40.29664050837806,0.03711188416297262,0.2796608802486807,-274.41199,999725.5880099999,0.23009349
222,0.04996987951807229,0.7921686746987951,23.32831325301205,-0.004879518072289157,0.1475903614457831,-6.024096385542169,13.99096385542169,0.1524096385542169,-0.02756024096385542,0.05033132530120481,4.467336,-224.66485,0.18716574,0.7877941979131804,0.1187843188897245,0.08895077834904043,0.9955292951519452,-0.08313549728229358,0.09684578067990804,0.1190243809367556,0.1327346643343701,50.29056466762294,0.004470704848054785,0.3672653356656299,-224.66485,999775.3351500001,0.18716574
223,0.0338855421686747,0.9439759036144577,32.3644578313253,-0.03451807228915663,0.1487951807228916,-3.710843373493976,27.69578313253012,0.1813253012048193,-0.005692771084337351,0.05466867469879517,9.5463269,-310.61102,0.31910983,0.9419967519316158,0.128430312471345,0.06926728026287363,1.139694344665834,-0.06109522039421553,0.1262717546447094,0.1961849120204374,0.2613614462709313,32.53722853341635,-0.1396943446658343,0.2386385537290687,-310.61102,999689.38898,0.31910983
224,0.05376506024096385,0.6656626506024096,22.27409638554217,-0.05331325301204819,0.186144578313253,2.650602409638554,22.72590361445783,0.1680722891566265,-0.02918674698795181,0.05792168674698795,8.101985300000001,-277.30868,0.25437686,0.6649504691640216,0.1369734021060766,0.06234377274662281,0.864267644016721,0.03078372890949306,0.1349562791549897,0.1644408480677485,0.3301808561322312,34.22725044934356,0.135732355983279,0.1698191438677688,-277.30868,999722.69132,0.25437686
225,0.05846385542168674,0.6078313253012048,13.23795180722892,-0.0522289156626506,0.1403614457831325,-1.903614457831325,15.64759036144578,0.2632530120481928,-0.008403614457831325,0.0591867469879518,5.2165316,-237.62661,0.1361841,0.6074958767993656,0.1311910859552825,0.2147259219376185,0.9534128846922665,-0.02019107944586037,0.08701900340372806,0.1758212120963366,0.2426491360542043,45.55260625661695,0.04658711530773352,0.2573508639457957,-237.62661,999762.37339,0.1361841
226,0.05051204819277108,0.9584337349397589,25.58734939759036,-0.02512048192771084,0.2102409638554217,-3.349397590361446,16.70180722891566,0.1006024096385542,-0.02792168674698795,0.05846385542168674,5.9189764,-280.39296,0.22138241,0.9567965544631422,0.1701450066262147,0.03027852492556812,1.157220086014925,-0.0559962287840488,0.1395618360886447,0.1067771576145193,0.1903427649191151,47.37186652746242,-0.1572200860149249,0.3096572350808848,-280.39296,999719.60704,0.22138241
227,0.03316265060240964,0.4813253012048193,20.31626506024097,-0.04066265060240964,0.2030120481927711,-2.337349397590361,10.37650602409639,0.1259036144578313,-0.02864457831325301,0.03587349397590361,,,,0.4809248491964111,0.1659412905313649,0.07247866050291166,0.7193448002306876,-0.01962995174011446,0.09967498203066186,0.08507678186916445,0.1651218121597118,,0.2806551997693124,0.3348781878402882,,,
228,0.0488855421686747,0.6801204819277108,11.73192771084337,-0.04427710843373494,0.2319277108433735,0.5542168674698789,17.45481927710843,0.2512048192771084,-0.0188855421686747,0.03225903614457831,6.6283561,-293.46498,0.25250405,0.6800886643813362,0.2074191922156282,0.192797841914911,1.080305698511876,0.006578641014062647,0.08142770211211711,0.1521190569156705,0.2401254000418502,44.27417229439438,-0.08030569851187552,0.2598745999581498,-293.46498,999706.53502,0.25250405
229,0.03207831325301205,0.5246987951807229,30.10542168674699,-0.05150602409638554,0.1524096385542169,-6.096385542168675,19.56325301204819,0.1271084337349398,-0.007319277108433736,0.0447289156626506,4.8115937,-182.16635,0.167371,0.5217314376128729,0.1366957416671272,0.0672053790498988,0.7256325583298988,-0.05572371730697002,0.107265817376109,0.1254928863782199,0.1770349864473589,37.85987790282459,0.2743674416701012,0.3229650135526411,-182.16635,999817.83365,0.167371
230,0.03298192771084337,0.575301204819277,33.87048192771084,-0.05367469879518072,0.2018072289156627,-5.301204819277108,19.8644578313253,0.1789156626506024,-0.008222891566265059,0.05810240963855422,7.1851148,-250.26119,0.22088273,0.5728405009568285,0.1744155361417131,0.0837005414804321,0.8309565785789736,-0.05315295598592372,0.1551220719422547,0.1809581812415292,0.2829272971978601,34.83050681389252,0.1690434214210264,0.2170727028021399,-250.26119,999749.73881,0.22088273
231,0.03009036144578313,0.6186746987951807,28.90060240963855,-0.0258433734939759,0.2608433734939759,-2.915662650602409,31.46084337349398,0.1343373493975904,-0.007138554216867469,0.0302710843373494,7.8968573,-287.14294,0.29048151,0.6178738179249889,0.2288849732721786,0.05260685314549088,0.8993656443426583,-0.03146947810347746,0.1448795883715157,0.1373139277746424,0.2507240380426806,36.36167263653099,0.1006343556573417,0.2492759619573194,-287.14294,999712.85706,0.29048151
232,0.03984939759036144,0.8102409638554217,32.51506024096386,-0.008855421686746984,0.2981927710843373,4.096385542168674,17.30421686746988,0.1391566265060241,-0.02575301204819277,0.04400602409638554,12.358277,-413.56993,0.38260734,0.808171034219672,0.2105280764556484,0.03504339444379253,1.053742505119113,0.05787917550957829,0.2198917145392329,0.1324244024622979,0.410195292511109,33.46501539009039,-0.05374250511911272,0.08980470748889097,-413.56993,999586.43007,0.38260734
233,0.04274096385542168,0.5174698795180722,20.76807228915663,-0.03849397590361445,0.2259036144578313,-5.662650602409639,13.84036144578313,0.1066265060240964,-0.005512048192771082,0.05756024096385542,3.556,-175.67713,0.098651238,0.5149446793404256,0.2182925686326912,0.0729849607592631,0.8062222087323799,-0.05105931283746774,0.1166927807929763,0.105740287680403,0.1713737556359115,49.40301743532059,0.1937777912676201,0.3286262443640885,-175.67713,999824.32287,0.098651238
234,0.05521084337349397,0.4234939759036144,21.97289156626506,-0.04825301204819277,0.2789156626506024,0.9156626506024095,21.06927710843373,0.1608433734939759,-0.00966867469879518,0.03786144578313252,7.4303276,-256.0124,0.23594129,0.4234398962709564,0.2466822234595086,0.09215001986878379,0.7622721395992488,0.006767708082717194,0.1461835348419006,0.14276583171644,0.2957170746410579,34.45506225055272,0.2377278604007512,0.2042829253589421,-256.0124,999743.9876,0.23594129
235,0.04129518072289157,0.7018072289156626,26.34036144578313,-0.015,0.2379518072289157,0.1927710843373496,34.92469879518072,0.1969879518072289,-0.006957831325301204,0.04725903614457831,,,,0.7018032567628514,0.2057730217089236,0.06678557364901408,0.974361852120789,0.002361219036109656,0.1535320610941656,0.2122205227959908,0.3681138029262661,,0.02563814787921104,0.1318861970737339,,,
236,0.05268072289156626,0.9620481927710842,16.70180722891566,-0.04608433734939759,0.1969879518072289,-5.80722891566265,31.61144578313253,0.2126506024096386,-0.02810240963855421,0.05322289156626506,7.9225483,-270.91172,0.27421519,0.9571109141140388,0.1708645617756422,0.1191121944949383,1.247087670384619,-0.09734178598062723,0.09302442188975159,0.1906333558636041,0.1863159917727284,34.19502283122717,-0.2470876703846192,0.3136840082272716,-270.91172,999729.08828,0.27421519
237,0.0369578313253012,0.7524096385542168,34.92469879518072,-0.01391566265060241,0.1006024096385542,-3.855421686746988,24.53313253012048,0.2608433734939759,-0.0009939759036144569,0.03009036144578313,10.652399,-295.03382,0.37348962,0.7507068568124947,0.08720190418463214,0.1309786068498638,0.9688873678469907,-0.05059129691944733,0.08200739689195745,0.2404923372983431,0.2719084372708532,27.69646724648598,0.0311126321530093,0.2280915627291468,-295.03382,999704.96618,0.37348962
238,0.03370481927710843,0.4018072289156626,15.34638554216867,-0.0113855421686747,0.1728915662650602,-0.168674698795181,27.99698795180723,0.2234939759036145,-0.0006325301204819292,0.0530421686746988,7.9400999,-192.24679,0.31226999,0.401805487742124,0.1663844596966773,0.1484900051677031,0.7166799526065044,-0.001182890188242663,0.09830919006124594,0.2039465645465813,0.3010728644195846,24.21213743167136,0.2833200473934956,0.1989271355804154,-192.24679,999807.75321,0.31226999
239,0.03605421686746988,0.7162650602409638,23.78012048192771,-0.03957831325301205,0.294578313253012,-2.265060240963855,19.41265060240964,0.1174698795180723,-0.01490963855421687,0.05737951807228915,6.2397907,-284.76389,0.23630384,0.7157054296346761,0.2614222405517442,0.05383835860762799,1.030966028794048,-0.02830855901375493,0.1659593038756849,0.1248685935950723,0.2625193384570022,45.6367695153621,-0.03096602879404831,0.2374806615429978,-284.76389,999715.2361100001,0.23630384
240,0.05701807228915663,0.5463855421686747,31.31024096385542,-0.000903614457831322,0.1740963855421687,-6.746987951807229,30.25602409638554,0.1560240963855422,-0.01003012048192771,0.0488855421686747,7.7336517,-199.37363,0.29374763,0.542601622608336,0.1541238376590909,0.06045040637968335,0.7571758666471102,-0.06419221007067419,0.1220968256966698,0.1678165925230852,0.2257212081490808,25.78001153064599,0.2428241333528898,0.2742787918509192,-199.37363,999800.62637,0.29374763
241,0.03424698795180722,0.55,11.12951807228916,-0.003072289156626506,0.2331325301204819,-0.6024096385542173,17.00301204819277,0.2777108433734939,-0.01454819277108434,0.04201807228915663,5.8214613,-258.503,0.24680483,0.5499696004431882,0.2151029602329483,0.2242850226737433,0.9893575833498798,-0.005782610860159412,0.08476218689031578,0.1670149595823923,0.2459945356125487,44.40517366318316,0.01064241665012022,0.2540054643874513,-258.503,999741.497,0.24680483
242,0.0561144578313253,0.9512048192771083,21.67168674698795,-0.05548192771084337,0.1451807228915663,-4.433734939759036,10.82831325301205,0.141566265060241,-0.01256024096385542,0.03207831325301205,4.8436039,-244.01822,0.21106312,0.9483582516621548,0.1286167307603902,0.1034164690932843,1.180391451515829,-0.07353390184328107,0.07597626252667664,0.09352117144202073,0.09596353212541629,50.37947467174185,-0.1803914515158294,0.4040364678745837,-244.01822,999755.98178,0.21106312
243,0.03099397590361446,0.6475903614457831,14.44277108433735,-0.03307228915662651,0.2837349397590361,-3.204819277108434,20.16566265060241,0.2873493975903614,-0.02719879518072289,0.03966867469879518,6.9140244,-303.76865,0.2616969,0.6465775724583271,0.2533561246515232,0.2108497762336275,1.110783473343478,-0.03620385381940388,0.09642261935049119,0.1833347426641824,0.2435535081952697,43.93514289593771,-0.1107834733434778,0.2564464918047303,-303.76865,999696.23135,0.2616969
244,0.0441867469879518,0.9765060240963854,24.53313253012048,-0.05728915662650602,0.1668674698795181,-5.084337349397591,18.96084337349398,0.1825301204819277,-0.008945783132530121,0.05340361445783132,6.7355281,-280.18482,0.2254798,0.9726637939354201,0.1531680691176735,0.1168117576810441,1.242643620734138,-0.08653992756921607,0.1095471914220563,0.1607799893852776,0.1837872532381178,41.59804782048196,-0.2426436207341378,0.3162127467618822,-280.18482,999719.81518,0.2254798
245,0.05466867469879517,0.513855421686747,21.21987951807229,-0.03054216867469879,0.1753012048192771,-3.27710843373494,29.35240963855422,0.2536144578313253,-0.01418674698795181,0.05882530120481928,8.8711427,-229.70169,0.31955513,0.5130151322461185,0.1559745871755578,0.1403878755652679,0.8093775949869442,-0.0293746231186409,0.1135445914701339,0.2379643472334913,0.3221343155849843,25.89313437602576,0.1906224050130558,0.1778656844150157,-229.70169,999770.29831,0.31955513
246,0.05900602409638554,0.4704819277108434,10.37650602409639,-0.01644578313253012,0.1644578313253012,2,12.78614457831326,0.1463855421686747,-0.0230421686746988,0.03496987951807229,,,,0.4701953228324782,0.1363873088831931,0.1024922627311259,0.7090748944467972,0.01641958248473088,0.06939345760766344,0.0914600256216517,0.177273065714046,,0.2909251055532028,0.322726934285954,,,
247,0.04780120481927711,0.4415662650602409,19.8644578313253,-0.04789156626506023,0.2969879518072289,-3.421686746987952,31.76204819277108,0.2596385542168675,-0.02033132530120482,0.04454819277108434,9.6451431,-262.76287,0.28935793,0.4407790886991304,0.2672057606404303,0.1409317119518745,0.8489165612914352,-0.02635453290830764,0.1297469040241222,0.2305402348524003,0.3339326059682149,27.24302452288137,0.1510834387085648,0.1660673940317851,-262.76287,999737.23713,0.28935793
248,0.03135542168674699,0.875301204819277,20.91867469879518,-0.05837349397590361,0.2873493975903614,4.674698795180722,29.65361445783132,0.2981927710843373,-0.01635542168674699,0.03370481927710843,17.514219,-466.53779,0.50330108,0.8723894915665412,0.2401074874041023,0.140671269062828,1.253168248033472,0.07133564440270694,0.1563893666506248,0.268332789386591,0.4960578004399227,26.63765880739529,-0.2531682480334716,0.003942199560077297,-466.53779,999533.46221,0.50330108
249,0.0525,0.8572289156626506,16.25,-0.04753012048192771,0.1993975903614458,-4.072289156626505,15.34638554216867,0.1728915662650602,-0.0075,0.04364457831325301,5.0579376,-250.76269,0.21896698,0.8550646232601521,0.1905291083305029,0.136785283226412,1.182379014817067,-0.06087613569484974,0.08612883355054965,0.1209773349926374,0.1462300328483374,49.57805133855349,-0.182379014817067,0.3537699671516626,-250.76269,999749.23731,0.21896698
250,0.03189759036144578,0.9981927710843372,18.81024096385542,-0.001987951807228917,0.2620481927710843,-3.493975903614458,11.12951807228916,0.1692771084337349,-0.02593373493975903,0.05213855421686747,5.7672286,-295.25434,0.24866398,0.9963373419082233,0.2300328699641605,0.1127784373995057,1.339148649271889,-0.06083345596203017,0.1228413411605711,0.1188240977091995,0.1808319829077405,51.19518584715023,-0.3391486492718894,0.3191680170922595,-295.25434,999704.74566,0.24866398
251,0.03045180722891566,0.586144578313253,26.49096385542169,-0.00740963855421687,0.1813253012048193,-5.156626506024097,12.03313253012048,0.2222891566265061,-0.006054216867469878,0.04436746987951807,5.5805294,-259.28316,0.21709247,0.5837722888727418,0.1668576632188248,0.1638664216969223,0.9144963737884888,-0.05268188901606653,0.1106999195071895,0.1613850512452968,0.2194030817364198,46.46210805734668,0.0855036262115112,0.2805969182635802,-259.28316,999740.71684,0.21709247
252,0.04635542168674699,0.5355421686746988,24.98493975903614,-0.01933734939759036,0.1716867469879518,-1.036144578313253,33.56927710843374,0.1536144578313253,-0.002620481927710843,0.03840361445783132,8.0517041,-222.36105,0.30134815,0.5354546002989498,0.1549803977487712,0.06451244077747316,0.7549474388251942,-0.009684288693109725,0.1081358147538373,0.1636168341310897,0.2620683601918172,27.61664453118688,0.2450525611748058,0.2379316398081828,-222.36105,999777.6389500001,0.30134815
253,0.05575301204819277,0.6548192771084337,21.82228915662651,-0.05078313253012048,0.1536144578313253,3.879518072289156,23.02710843373494,0.1632530120481928,-0.0111144578313253,0.03858433734939759,8.435865099999999,-271.68174,0.28215712,0.6533187777216418,0.1247168037572572,0.08093697471087273,0.8589725561897718,0.04430417981535822,0.1043646045280526,0.1526472246809301,0.3013160090243409,32.20555767303581,0.1410274438102282,0.1986839909756591,-271.68174,999728.31826,0.28215712
254,0.03569277108433735,0.658433734939759,24.83433734939759,-0.02981927710843373,0.1150602409638554,2.361445783132531,28.29819277108434,0.1439759036144578,-0.01581325301204819,0.0525,8.1994679,-242.67414,0.2889331,0.6578745811234584,0.08437733348150062,0.04350202210269394,0.785753936707653,0.02712966675716552,0.1043901229741332,0.1581146936013164,0.2896344833326152,29.59632783000468,0.214246063292347,0.2103655166673848,-242.67414,999757.32586,0.2889331
255,0.04563253012048193,0.4054216867469879,15.79819277108434,-0.05512048192771084,0.1933734939759036,-0.7469879518072284,31.15963855421687,0.241566265060241,-0.02051204819277108,0.05575301204819277,8.3924846,-204.01022,0.30384952,0.4053872317069924,0.1669561978928703,0.13287901316275,0.7052224427626128,-0.005285494651783635,0.106231340975128,0.222898305534478,0.3238441518578224,24.30867969659426,0.2947775572373872,0.1761558481421776,-204.01022,999795.9897799999,0.30384952
256,0.04581325301204819,0.8933734939759036,24.38253012048193,-0.02403614457831325,0.1608433734939759,-5.228915662650603,29.20180722891566,0.1753012048192771,-0.01310240963855422,0.03533132530120482,7.5210594,-276.48641,0.25695261,0.8896557487072053,0.1421114968238353,0.0925196541310388,1.12428689966208,-0.0814177408857296,0.08915141637349505,0.1600758508389212,0.1678095263266867,36.76163094789545,-0.1242868996620796,0.3321904736733133,-276.48641,999723.51359,0.25695261
257,0.03460843373493976,0.6295180722891566,17.30421686746988,-0.02475903614457831,0.2644578313253012,1.27710843373494,29.50301204819277,0.2572289156626506,-0.02069277108433735,0.03659638554216867,10.589755,-319.30565,0.36830306,0.6293616961427191,0.2291689705249999,0.1405626185326547,0.9990932852003738,0.01403063672879871,0.1203956851719603,0.2195064260474612,0.3539327479482202,30.15231702716446,0.0009067147996262293,0.1460672520517798,-319.30565,999680.69435,0.36830306
258,0.05394578313253012,0.6439759036144578,30.25602409638554,-0.0366867469879518,0.258433734939759,-5.590361445783133,10.07530120481928,0.2487951807228916,-0.01129518072289157,0.05828313253012048,7.4973852,-319.74742,0.21820188,0.6409130265387722,0.2292900588659263,0.1698567060207482,1.040059791425447,-0.06273321966046766,0.1669564719190856,0.1900317616568966,0.2942550139155145,42.64785808257524,-0.0400597914254468,0.2057449860844855,-319.74742,999680.25258,0.21820188
259,0.03768072289156627,0.5210843373493975,27.39457831325301,-0.05186746987951807,0.2391566265060241,4.819277108433735,22.87650602409639,0.1620481927710843,-0.008765060240963855,0.04653614457831325,35.529764,-143.67498,0.80900812,0.5192421215881751,0.1896981601582573,0.06051422749966734,0.7694545092460996,0.04377791451715698,0.1731250701704101,0.1675886139727034,0.3844915986602704,4.043792128762803,0.2305454907539004,0.1155084013397296,-143.67498,999856.32502,0.80900812
260,0.03822289156626506,0.6512048192771084,22.57530120481928,-0.04716867469879518,0.1801204819277109,3.156626506024097,13.38855421686747,0.1656626506024096,-0.003162650602409639,0.03605421686746988,7.5368658,-289.08617,0.27906492,0.650216769352195,0.1571156740998199,0.1100221807182549,0.9173546241702697,0.03585902261531856,0.1140266728231074,0.1356311858659905,0.2855168813044164,38.35628465084253,0.08264537582973031,0.2144831186955836,-289.08617,999710.91383,0.27906492
261,0.0597289156626506,0.5644578313253011,18.35843373493976,-0.01680722891566265,0.2921686746987951,2.289156626506024,16.09939759036145,0.2307228915662651,-0.002078313253012047,0.04798192771084337,8.6118886,-320.55619,0.29938775,0.5640073783209,0.2694086134657402,0.1660106959406946,0.9994266877273348,0.02254596513896148,0.1508848568622256,0.1822045135532741,0.3556353355544613,37.2225193437825,0.0005733122726652162,0.1443646644455387,-320.55619,999679.44381,0.29938775
262,0.05647590361445783,0.9186746987951806,10.9789156626506,-0.04644578313253012,0.15,-1.542168674698795,16.55120481927711,0.2439759036144578,-0.00280120481927711,0.05123493975903615,5.8805224,-283.89185,0.23504773,0.9183419442240339,0.1465487601901567,0.2081428652862804,1.273033569700471,-0.02472399007517272,0.07588557065412327,0.1569881892799487,0.2081497698588992,48.27663780347133,-0.2730335697004711,0.2918502301411008,-283.89185,999716.10815,0.23504773
263,0.04545180722891566,0.6981927710843373,26.03915662650602,-0.04210843373493976,0.1018072289156627,4.024096385542169,18.35843373493976,0.1885542168674699,-0.02954819277108434,0.04129518072289157,9.254086300000001,-284.83007,0.32369485,0.6964714641995636,0.05573812039856892,0.07887249012268509,0.8310820747208176,0.0489963789492832,0.09012071666703994,0.1619853787012097,0.3011024743175328,30.77884307173577,0.1689179252791824,0.1988975256824672,-284.83007,999715.16993,0.32369485
264,0.03551204819277108,0.8246987951807229,19.11144578313253,-0.01789156626506024,0.2728915662650602,-5.518072289156627,20.61746987951807,0.1512048192771084,-0.01039156626506024,0.05774096385542168,5.4856596,-259.17167,0.21368445,0.8208770725907812,0.2604563231981789,0.1013711609079532,1.182704556696913,-0.0793028023926345,0.1226102604642076,0.1386945899036064,0.1820020479751795,47.24530665373404,-0.1827045566969132,0.3179979520248205,-259.17167,999740.82833,0.21368445
265,0.04237951807228916,0.6367469879518072,34.17168674698795,-0.008493975903614455,0.2210843373493976,-0.6746987951807228,19.11144578313253,0.2210843373493976,-0.02647590361445783,0.05430722891566265,10.332462,-349.31668,0.32270619,0.6367028404137618,0.158530932727503,0.08220499479162949,0.8774387679328942,-0.007497978043888514,0.1766301598384659,0.2063281279326971,0.3754603097272744,33.80769075172984,0.1225612320671058,0.1245396902727256,-349.31668,999650.68332,0.32270619
266,0.0447289156626506,0.4090361445783132,17.75602409638554,-0.03126506024096385,0.1234939759036145,-0.02409638554216853,22.42469879518072,0.2150602409638555,-0.01978915662650602,0.04545180722891566,660.00191,-6442.9111,1.9240679,0.4090361084048387,0.09785697372659773,0.1316752028826758,0.6385682850141121,-0.0001720247535447309,0.08307193000732102,0.1759533144696464,0.2588532197234227,9.761958264635933,0.3614317149858879,0.2411467802765773,-6442.9111,993557.0889,1.9240679
267,0.05990963855421687,0.8319277108433734,20.61746987951807,-0.03090361445783132,0.2548192771084337,-5.445783132530121,18.81024096385542,0.1981927710843374,-0.02177710843373494,0.04237951807228916,6.1853169,-300.64401,0.210963,0.8281727618459641,0.2282809518378481,0.1322348752750466,1.188688588958859,-0.07895310383717292,0.1109442989503656,0.1459792422371166,0.1779704373503092,48.6060803125544,-0.1886885889588588,0.3220295626496907,-300.64401,999699.35599,0.210963
268,0.03659638554216867,0.8644578313253011,28.29819277108434,-0.051144578313253,0.141566265060241,-1.469879518072289,10.52710843373494,0.2379518072289157,-0.01852409638554217,0.05557228915662651,7.8926842,-336.06673,0.28519785,0.8641733798371825,0.1092359907219698,0.1475337620653872,1.120943132624539,-0.02217457373713129,0.1199206560786669,0.1856094412812389,0.2833555236227745,42.57952319947123,-0.1209431326245394,0.2166444763772255,-336.06673,999663.93327,0.28519785
269,0.0333433734939759,0.85,13.08734939759036,-0.02331325301204819,0.2753012048192771,2.795180722891567,34.3222891566265,0.2030120481927711,-0.01942771084337349,0.05503012048192771,11.183081,-329.2856,0.37560958,0.8489887062715554,0.2427033433039649,0.09619093661635393,1.187882986191874,0.04145089412003747,0.1293578106644449,0.2035943727837951,0.3744030775682774,29.44498032340104,-0.1878829861918743,0.1255969224317226,-329.2856,999670.7144000001,0.37560958
270,0.0375,0.8716867469879518,16.55120481927711,-0.02801204819277109,0.1704819277108434,-2.481927710843373,20.31626506024097,0.2102409638554217,-0.02774096385542169,0.0561144578313253,6.345138,-298.41782,0.24663965,0.8708690441083464,0.1400829515333659,0.1329526801180488,1.143904675759761,-0.03774775341993811,0.09870641053933009,0.1664229074719341,0.2273815645913261,47.03094243182733,-0.1439046757597611,0.2726184354086739,-298.41782,999701.58218,0.24663965
271,0.03225903614457831,0.9909638554216866,32.06325301204819,-0.03921686746987952,0.1030120481927711,0.120481927710844,11.43072289156627,0.2680722891566265,-0.02828313253012048,0.03768072289156627,10.445914,-401.28803,0.34128597,0.990961664503255,0.05882136536396938,0.1500763715805905,1.199859401447815,0.002083803530014089,0.09248909491920218,0.20174312339873,0.2963160218479463,38.415789178429,-0.199859401447815,0.2036839781520537,-401.28803,999598.7119699999,0.34128597
272,0.05719879518072289,0.7198795180722891,20.46686746987952,-0.007048192771084337,0.1909638554216868,1.638554216867469,14.2921686746988,0.2728915662650602,-0.01219879518072289,0.03298192771084337,8.643140900000001,-352.0747,0.28401479,0.719585159566721,0.163789779091834,0.1959419476592831,1.079316886317838,0.02058442788439469,0.1044816038205586,0.1878967454831606,0.3129627771881139,40.73457832904239,-0.07931688631783818,0.1870372228118861,-352.0747,999647.9253,0.28401479
273,0.0411144578313253,0.9945783132530119,25.73795180722891,-0.04102409638554216,0.2487951807228916,-2.626506024096386,23.78012048192771,0.2162650602409639,-0.02430722891566265,0.04490963855421687,10.06349,-387.85426,0.2944864,0.993533486045555,0.2066039477156593,0.107807109781552,1.307944543542766,-0.04557667494863107,0.143633639643879,0.1896510720332707,0.2877080367285186,38.54073089951896,-0.3079445435427663,0.2122919632714814,-387.85426,999612.1457399999,0.2944864
274,0.05015060240963855,0.4957831325301204,19.26204819277108,-0.01355421686746988,0.1680722891566265,3.30120481927711,20.46686746987952,0.2295180722891566,-0.02358433734939759,0.05665662650602409,-793827920,786236360,437.27881,0.4949604329416319,0.1283996728201113,0.1242581450985766,0.74761825086032,0.02854968167267738,0.1196943709400685,0.199889716587049,0.3481337691997949,0.9904367687143077,0.25238174913968,0.1518662308002051,786236360,-785236360,437.27881
275,0.03533132530120482,0.5608433734939758,13.53915662650602,-0.02765060240963855,0.1572289156626506,0.2650602409638552,24.08132530120482,0.1740963855421687,-0.001536144578313253,0.04147590361445783,5.7168469,-208.70407,0.2461662,0.5608373720641154,0.1509596269258168,0.1260155380032052,0.8378125369931374,0.002594549733635418,0.07898394786952531,0.1468215763113734,0.2284000739145341,36.50684960620512,0.1621874630068626,0.2715999260854659,-208.70407,999791.29593,0.2461662
276,0.05358433734939759,0.6765060240963855,28.59939759036144,-0.02259036144578313,0.2765060240963855,3.590361445783133,12.48493975903614,0.1283132530120482,-0.01563253012048193,0.05864457831325301,9.2780655,-337.3249,0.30651972,0.675178230305687,0.2147295149105001,0.04677377637939465,0.9366815215955818,0.04236458379330471,0.2048522024549089,0.1315169648343797,0.3787337510825933,36.35724494508042,0.06331847840441818,0.1212662489174067,-337.3249,999662.6751,0.30651972
277,0.05936746987951807,0.4162650602409638,18.2078313253012,-0.03704819277108434,0.1162650602409639,-4.578313253012048,22.12349397590361,0.1945783132530121,-0.01816265060240964,0.05990963855421687,5.107829,-149.85209,0.15511405,0.4149368261842833,0.09966839329370819,0.1261402581117501,0.6407454775897417,-0.03322695672984639,0.08856527621020555,0.1676332845364768,0.222971604016836,29.33772645873619,0.3592545224102583,0.277028395983164,-149.85209,999850.1479100001,0.15511405
278,0.03262048192771085,0.7234939759036144,20.16566265060241,-0.01608433734939759,0.1114457831325301,4.891566265060241,27.39457831325301,0.2186746987951808,-0.02087349397590361,0.04256024096385542,10.577219,-308.57213,0.3645781,0.7208589084431545,0.07653049392223915,0.09633235504396762,0.8937217574093612,0.06169252213164622,0.08782522815042693,0.2030885522817514,0.3526063025638245,29.17327607568681,0.1062782425906388,0.1473936974361755,-308.57213,999691.42787,0.3645781
279,0.05882530120481928,0.8066265060240964,13.68975903614458,-0.03993975903614458,0.1343373493975904,-1.975903614457831,32.51506024096386,0.2114457831325302,-0.02990963855421687,0.04635542168674699,7.8254043,-256.04725,0.26758179,0.806146898820244,0.1032460478528387,0.112815310375502,1.022208257048585,-0.02781182739671611,0.07463283737570653,0.1868067393783001,0.2336277493572906,32.72000272241525,-0.02220825704858465,0.2663722506427094,-256.04725,999743.9527500001,0.26758179
280,0.04725903614457831,0.5102409638554216,22.72590361445783,-0.005963855421686749,0.2813253012048192,-1.397590361445783,24.68373493975903,0.2367469879518072,-0.001174698795180723,0.04762048192771084,92717253,-257291880,365.80554,0.510089175546762,0.2620449048216503,0.1460080953403215,0.9181421757087338,-0.01244484576578849,0.1499562393318086,0.2142678898820284,0.3517792834480485,2.775016209766267,0.0818578242912662,0.1482207165519515,-257291880,-256291880,365.80554
281,0.03876506024096386,0.7740963855421686,31.61144578313253,-0.05475903614457831,0.2704819277108434,-4.72289156626506,28.75,0.2897590361445783,-0.0219578313253012,0.0441867469879518,12.332363,-385.51298,0.37042299,0.7714679955440474,0.222994472162329,0.1239757084828909,1.118438176189267,-0.06373653552476287,0.1681718723502731,0.2686732457907715,0.3731085826162817,31.26026861194404,-0.1184381761892674,0.1268914173837183,-385.51298,999614.48702,0.37042299
282,0.05105421686746987,0.9114457831325301,12.48493975903614,-0.05259036144578313,0.2512048192771084,2.506024096385542,10.9789156626506,0.258433734939759,-0.01183734939759036,0.03677710843373494,7.9613688,-342.46382,0.30555528,0.9105741036411396,0.2292213868906776,0.2113907288973126,1.35118621942913,0.03985244494640661,0.1012026775318412,0.1456312992526842,0.286686421730932,43.0156959943873,-0.3511862194291298,0.213313578269068,-342.46382,999657.5361800001,0.30555528
283,0.03840361445783132,0.4343373493975903,32.66566265060241,-0.01174698795180723,0.2933734939759036,-4.216867469879518,28.59939759036145,0.1644578313253012,-0.0261144578313253,0.05051204819277108,90432618,-108687920,254.5166,0.4331615431202496,0.235617127109821,0.0424305660325252,0.7112092362625958,-0.03193760547393353,0.1920508121515451,0.1699733808602146,0.3300865875378262,1.201866344287412,0.2887907637374042,0.1699134124621738,-108687920,-107687920,254.5166
284,0.03948795180722892,0.4271084337349397,22.87650602409639,-0.05006024096385542,0.1837349397590362,-3.060240963855422,11.73192771084337,0.177710843373494,-0.01996987951807229,0.03804216867469879,4.3402926,-200.53328,0.14739484,0.4264993585753312,0.1549445097942223,0.1197614077825873,0.7012052761521408,-0.02280156359429025,0.1013410924280211,0.1220006737407571,0.200540202574488,46.20270992789749,0.2987947238478592,0.299459797425512,-200.53328,999799.46672,0.14739484
285,0.03352409638554217,0.4632530120481927,30.85843373493976,-0.05042168674698795,0.1921686746987952,3.084337349397591,12.93674698795181,0.2018072289156627,-0.01346385542168675,0.03569277108433735,10.421161,-267.73913,0.3718785,0.4625819512682021,0.1440574744086158,0.1068431182359351,0.713482543912753,0.02492572030304459,0.1422168094341539,0.1693955536734145,0.336538083410613,25.69187156786082,0.286517456087247,0.163461916589387,-267.73913,999732.26087,0.3718785
286,0.05954819277108434,0.6259036144578313,10.07530120481928,-0.02656626506024096,0.2957831325301205,-0.8192771084337354,25.43674698795181,0.113855421686747,-0.002439759036144578,0.05629518072289157,5.7107425,-187.46404,0.21017283,0.6258396282400402,0.2902973090065751,0.08215086769401977,0.9982878049406351,-0.008949542767408008,0.1038999444445654,0.1199735104176419,0.2149239120947992,32.82656151980238,0.001712195059364929,0.2850760879052008,-187.46404,999812.53596,0.21017283
287,0.04165662650602409,0.7487951807228915,22.42469879518072,-0.02150602409638554,0.2246987951807229,-4.650602409638554,13.68975903614458,0.2403614457831325,-0.01653614457831325,0.05412650602409638,6.2737062,-302.05796,0.22866656,0.7463298922037436,0.2018801935254643,0.1727512575366718,1.12096134326588,-0.06071173426098294,0.1238816766211616,0.1719542091313923,0.235124151491571,48.14665372758449,-0.1209613432658796,0.264875848508429,-302.05796,999697.94204,0.22866656
288,0.05430722891566265,0.5680722891566264,34.3222891566265,-0.04861445783132529,0.2596385542168675,1.855421686746987,26.7921686746988,0.2174698795180723,-0.01292168674698795,0.0519578313253012,12.753275,-329.61784,0.35340583,0.5677744542144685,0.1949804669387553,0.05773057628955692,0.8204854974427807,0.01839279340155362,0.2047747011943624,0.2280274304125201,0.4511949250084361,25.84574079991218,0.1795145025572193,0.04880507499156395,-329.61784,999670.38216,0.35340583
289,0.04906626506024096,0.9692771084337348,27.99698795180723,-0.002349397590361447,0.2560240963855422,-1.253012048192771,18.50903614457831,0.286144578313253,-0.02412650602409638,0.04924698795180723,12.065871,-474.10141,0.33140931,0.9690453338122474,0.2055924105865979,0.1577323409323259,1.332370085331171,-0.02119561158287293,0.1649748053452957,0.2363481008755404,0.3801272946379632,39.29276303384977,-0.3323700853311713,0.1198727053620368,-474.10141,999525.89859,0.33140931
290,0.03406626506024096,0.8030120481927711,29.20180722891566,-0.002710843373493976,0.2174698795180723,3.373493975903614,12.33433734939759,0.2801204819277108,-0.006234939759036145,0.05936746987951807,12.73787,-434.53672,0.37476972,0.8016205545978126,0.1735409233230864,0.1611692480357021,1.136330725956601,0.047252893975339,0.1759851334452469,0.2444335729544275,0.4676716003750133,34.11376627332513,-0.1363307259566011,0.03232839962498668,-434.53672,999565.46328,0.37476972
291,0.04147590361445783,0.6331325301204819,11.28012048192771,-0.02114457831325301,0.1210843373493976,-0.4578313253012049,28.90060240963855,0.2716867469879518,-9.036144578313324e-05,0.03316265060240964,69031815,37046822,509.02673,0.6331123172466501,0.1191053956268946,0.2026508213794467,0.9548685342529913,-0.005059095506118567,0.05589752429404288,0.2061841157140007,0.257022544501925,-0.5366630154516435,0.04513146574700866,0.242977455498075,37046822,-36046822,509.02673
292,0.03153614457831325,0.4885542168674698,25.28614457831326,-0.03777108433734939,0.2006024096385542,-6.891566265060241,16.25,0.1548192771084337,-0.01509036144578313,0.04816265060240964,,,,0.4850244199250722,0.1811505419608442,0.09785143676350758,0.7640263986494239,-0.0586219659797756,0.1129273246268429,0.1289522017378321,0.1832575603848994,,0.2359736013505761,0.3167424396151006,,,
293,0.05087349397590361,0.4379518072289156,15.19578313253012,-0.02909638554216868,0.2801204819277108,-6.963855421686747,12.6355421686747,0.1957831325301205,-0.004427710843373492,0.05141566265060241,3.5210776,-173.51127,0.087223761,0.4347209642338142,0.2790730395693242,0.1711972944972866,0.8849912983004251,-0.05309866957557501,0.09168096945429983,0.1199913727747343,0.1585736726534592,49.27788867817057,0.1150087016995749,0.3414263273465408,-173.51127,999826.48873,0.087223761
294,0.03930722891566265,0.5536144578313253,10.52710843373494,-0.04355421686746988,0.2439759036144578,-6.819277108433734,15.49698795180723,0.2343373493975904,-0.01382530120481928,0.04617469879518072,4.0424371,-169.47974,0.20692904,0.5496979760196333,0.2352204081614025,0.2045137525714728,0.9894321367525087,-0.06573509777729847,0.0632672361975565,0.1222683333524608,0.1198004717727189,41.92513966389236,0.01056786324749126,0.3801995282272811,-169.47974,999830.52026,0.20692904
295,0.03496987951807229,0.8789156626506024,11.43072289156627,-0.01210843373493976,0.1066265060240964,4.746987951807228,30.10542168674699,0.1246987951807229,-0.009487951807228917,0.05159638554216867,8.695899799999999,-260.74815,0.32151586,0.8759008539235438,0.08867901736394629,0.06269083512138537,1.027270706408875,0.07273538443257362,0.08034223106640589,0.1370375354139811,0.2901151509129606,29.98518336193341,-0.0272707064088753,0.2098848490870394,-260.74815,999739.25185,0.32151586
296,0.04256024096385542,0.9475903614457831,29.35240963855422,-0.045,0.1897590361445783,2.433734939759036,26.64156626506024,0.2271084337349398,-0.001897590361445784,0.05683734939759036,13.267944,-400.22154,0.36141461,0.9467356360094845,0.1569895793514556,0.08735597250412611,1.191081187865066,0.04023839726761755,0.1566611240597922,0.2408052350456525,0.4377047563730623,30.16454847864899,-0.1910811878650662,0.06229524362693772,-400.22154,999599.7784599999,0.36141461
297,0.0591867469879518,0.9078313253012047,28.44879518072289,-0.006325301204819275,0.2680722891566265,4.602409638554217,21.97289156626506,0.1379518072289157,-0.0225,0.03243975903614458,12.132097,-431.85043,0.37015602,0.9049040274764882,0.1996633252169571,0.04252697944468217,1.147094332138128,0.07284515258390792,0.176733236592331,0.127956005296625,0.3775343944728639,35.59569545149532,-0.1470943321381275,0.1224656055271361,-431.85043,999568.14957,0.37015602
298,0.04346385542168674,0.7126506024096385,23.4789156626506,-0.05295180722891566,0.1873493975903615,1.421686746987951,15.79819277108434,0.213855421686747,-0.01400602409638554,0.05358433734939759,8.3215196,-322.71394,0.27999383,0.7124312275058892,0.1546021497975346,0.1268686161969201,0.9939019935003439,0.01768126661957803,0.1321029377738835,0.1821573137230754,0.3319415181165369,38.78065011106865,0.006098006499656083,0.1680584818834631,-322.71394,999677.28606,0.27999383
299,0.04978915662650602,0.5897590361445783,17.00301204819277,-0.004518072289156631,0.1379518072289157,-2.554216867469879,28.44879518072289,0.2668674698795181,-0.02340361445783132,0.03876506024096386,,,,0.5891731098944877,0.1119357232932967,0.1631636763805573,0.8642725095683417,-0.02628245215804521,0.07419052358902944,0.2133534496733854,0.2612615211043696,,0.1357274904316583,0.2387384788956304,,,
300,0.03677710843373494,0.8825301204819277,27.0933734939759,-0.009578313253012047,0.122289156626506,-1.686746987951807,34.17168674698795,0.1765060240963855,-0.01057228915662651,0.04707831325301205,9.7915682,-289.03301,0.35163847,0.882147716155924,0.1012800875588645,0.05962736623803774,1.043055169952826,-0.02597730622549454,0.09983600119927175,0.1901942756198896,0.2640529705936668,29.51856169474467,-0.04305516995282632,0.2359470294063332,-289.03301,999710.96699,0.35163847
301,0.04093373493975903,0.4487951807228915,14.89457831325301,-0.03524096385542169,0.286144578313253,-3.927710843373494,24.98493975903614,0.1451807228915663,-0.0152710843373494,0.03352409638554217,4.5937021,-203.24871,0.14224467,0.447741080611117,0.2679799330252863,0.0961555455579019,0.8118765591943053,-0.03074148619182413,0.08892791424970767,0.1152429313834574,0.173429359441341,44.24507849562121,0.1881234408056947,0.326570640558659,-203.24871,999796.75129,0.14224467
302,0.05683734939759036,0.766867469879518,17.45481927710843,-0.03415662650602409,0.2150602409638554,1.783132530120482,20.01506024096386,0.1921686746987952,-0.01436746987951807,0.05286144578313253,7.8963849,-326.07283,0.27277809,0.7664961251640844,0.1870455409819256,0.117825020237441,1.071366686383451,0.02386223937223337,0.1232494363601031,0.1667695736618326,0.3138812493941691,41.29393819189335,-0.07136668638345101,0.1861187506058309,-326.07283,999673.92717,0.27277809
303,0.05322289156626506,0.5716867469879517,24.08132530120482,-0.006686746987951811,0.2078313253012049,-0.8915662650602409,31.91265060240964,0.1475903614457831,-0.00641566265060241,0.04671686746987952,7.9614652,-239.4898,0.27297479,0.5716175349949255,0.1853517815960262,0.06014475471219008,0.8171140713031417,-0.008895525166701919,0.1286503645382659,0.1614661312903228,0.2812209706618868,30.0811212488877,0.1828859286968583,0.2187790293381132,-239.4898,999760.5102,0.27297479
304,0.04924698795180723,0.8536144578313252,33.26807228915663,-0.01536144578313253,0.1825301204819277,-4.939759036144578,25.1355421686747,0.2463855421686747,-0.01093373493975903,0.05105421686746987,10.417055,-339.01286,0.30881825,0.8504439487375334,0.1541739222800907,0.1128298932634253,1.117447764281049,-0.07350328342583605,0.1384208612039797,0.2377180196466331,0.3026355974247767,32.54402131888524,-0.1174477642810494,0.1973644025752233,-339.01286,999660.98714,0.30881825
305,0.05123493975903615,0.7993975903614458,23.02710843373494,-0.01572289156626506,0.2186746987951808,-6.530120481927711,20.76807228915663,0.2753012048192771,-0.01545180722891566,0.03189759036144578,7.4251659,-339.67746,0.25286558,0.7942112644926714,0.1979488923615388,0.1952229760951083,1.187383132949319,-0.09091190696843739,0.09554385773064497,0.1928925034728518,0.1975244542350594,45.74678392034311,-0.1873831329493185,0.3024755457649406,-339.67746,999660.32254,0.25286558
306,0.03587349397590361,0.8861445783132529,12.93674698795181,-0.03234939759036144,0.177710843373494,1.493975903614458,19.26204819277108,0.2933734939759036,-0.004969879518072288,0.0344277108433735,8.7496084,-368.88938,0.31649438,0.8858433526957007,0.1662382236896276,0.2307010417854526,1.282782618170781,0.02310342309730776,0.07857361477245021,0.1948488180864957,0.2965258559562536,42.16067315652664,-0.2827826181707809,0.2034741440437464,-368.88938,999631.1106200001,0.31649438
307,0.05213855421686747,0.922289156626506,25.1355421686747,-0.05873493975903614,0.2427710843373494,3.80722891566265,33.41867469879518,0.1909638554216868,-0.001355421686746988,0.03551204819277108,13.258323,-400.9,0.37800115,0.920253755469061,0.2087394061734702,0.07021496847514172,1.199208130117673,0.06123980711858446,0.1528292908342323,0.1995940618332319,0.4136631597860487,30.23760999034342,-0.1992081301176729,0.08633684021395133,-400.9,999599.1,0.37800115
308,0.05737951807228915,0.6150602409638554,29.05120481927711,-0.04680722891566265,0.2475903614457831,4.53012048192771,25.58734939759036,0.1873493975903615,-0.02484939759036144,0.04346385542168674,13.509602,-329.24224,0.38418713,0.6131387619622124,0.1780632381486842,0.05127608916623269,0.8424780892771293,0.04857940503918598,0.1783125791120103,0.1833382531071187,0.410230237258315,24.37097998889975,0.1575219107228707,0.08976976274168502,-329.24224,999670.7577599999,0.38418713
309,0.03786144578313252,0.4849397590361445,34.47289156626506,-0.01102409638554216,0.2283132530120482,-4.289156626506024,27.54518072289157,0.1078313253012048,-0.02846385542168674,0.04003012048192771,,,,0.4835815909608585,0.1719677020397674,0.01284313239868487,0.6683924253993107,-0.03626864731140218,0.1568369194666501,0.1114666077008075,0.2320348798560554,,0.3316075746006893,0.2679651201439446,,,
310,0.04762048192771084,0.4596385542168674,14.2921686746988,-0.0186144578313253,0.1439759036144578,1.060240963855422,16.85240963855422,0.2560240963855422,-0.01147590361445783,0.05719879518072289,5.8320727,-230.98221,0.2025913,0.4595598608809169,0.1263058915780682,0.1904242904471069,0.7762900429060919,0.00850498616603761,0.09509503129733712,0.1885667765931246,0.2921667940564993,39.60550937576618,0.2237099570939081,0.2078332059435007,-230.98221,999769.01779,0.2025913
311,0.03858433734939759,0.4921686746987952,30.7078313253012,-0.04933734939759036,0.2740963855421687,4.313253012048192,17.75602409638554,0.186144578313253,-0.001716867469879519,0.04689759036144578,36.05902,-170.32861,0.78710908,0.4907747366718306,0.2192296018390945,0.08428257618511359,0.7942869146960387,0.03701570206633574,0.2039334819444547,0.1856458327688815,0.4265950167796719,4.723606187855355,0.2057130853039613,0.07340498322032812,-170.32861,999829.67139,0.78710908
312,0.05828313253012048,0.5283132530120482,13.99096385542169,-0.03813253012048193,0.1331325301204819,0.4819277108433733,13.53915662650602,0.2656626506024096,-0.01762048192771084,0.03930722891566265,5.4220164,-236.32424,0.20044222,0.5282945643813437,0.1109572250202565,0.2076549148696119,0.8469067042712121,0.004443709407556395,0.07243036723328199,0.1584264902400294,0.2353005668808678,43.58604300791122,0.1530932957287879,0.2646994331191322,-236.32424,999763.67576,0.20044222
313,0.03713855421686747,0.5066265060240963,33.11746987951807,-0.01463855421686747,0.2885542168674698,3.012048192771084,21.5210843373494,0.2765060240963855,-0.003524096385542169,0.04996987951807229,-183029800,212329300,215.67096,0.5059266052743053,0.2269163250483351,0.1156438585029156,0.8484867888255561,0.02662116980526776,0.219850855831363,0.2718746499745084,0.5183466756111391,1.160080489625187,0.1515132111744439,-0.01834667561113912,212329300,-211329300,215.67096
314,0.05195783132530121,0.6728915662650602,27.54518072289157,-0.001626506024096384,0.2198795180722892,1.132530120481928,22.57530120481928,0.2993975903614458,-0.01165662650602409,0.04527108433734939,12.56453,-361.98945,0.36125591,0.6727601178945621,0.1803584016398561,0.15543617296521,1.008554692499628,0.0132997639505636,0.1505481208390584,0.2676293906663322,0.4314772754559542,28.81042506166168,-0.008554692499628036,0.06852272454404584,-361.98945,999638.01055,0.36125591
315,0.04798192771084337,0.5969879518072289,31.91265060240964,-0.01246987951807229,0.1198795180722892,3.228915662650603,34.62349397590361,0.2078313253012049,-0.004246987951807227,0.03262048192771085,-5140083300,2075466100,1169.1393,0.5960402127771895,0.09195175362955474,0.04963350752813303,0.7376254739348773,0.03362557591347444,0.1013319703926452,0.2192347128762918,0.3541922591824114,0.4037806352282268,0.2623745260651227,0.1458077408175886,2075466100,-2074466100,1169.1393
316,0.05033132530120481,0.6042168674698795,23.17771084337349,-0.01825301204819277,0.2114457831325302,2.216867469879518,11.88253012048193,0.1668674698795181,-0.02539156626506024,0.03713855421686747,86662368,3788398.5,1238.8344,0.603764654654984,0.1642058644100979,0.09391405269705974,0.8618845717621416,0.02337230678520685,0.1268070131006863,0.1237276191999693,0.2739069390858625,-0.04371445862176302,0.1381154282378584,0.2260930609141375,3788398.5,-2788398.5,1238.8344
317,0.04310240963855422,0.5319277108433734,12.18373493975904,-0.03560240963855422,0.1885542168674699,0.8433734939759039,26.03915662650602,0.2789156626506024,-0.01906626506024096,0.05376506024096385,8.5376178,-260.06576,0.30186781,0.5318700860463242,0.1638459222930673,0.1858601727303235,0.881576181069715,0.007829503952817502,0.09598098684830937,0.2238614581849879,0.3276719489861147,30.4611621288552,0.118423818930285,0.1723280510138853,-260.06576,999739.93424,0.30186781
318,0.05756024096385542,0.983734939759036,17.15361445783132,-0.03487951807228916,0.2234939759036145,1.204819277108433,32.81626506024097,0.1114457831325301,-0.01075301204819277,0.04183734939759036,8.502815999999999,-314.44673,0.28858379,0.9835174540882526,0.2004888669498081,0.04648784895618872,1.230494169994249,0.02068451610446975,0.1119937926437069,0.1231443365451792,0.2558226452933559,36.98148119399503,-0.2304941699942493,0.2441773547066441,-314.44673,999685.55327,0.28858379
319,0.05412650602409638,0.6114457831325301,29.65361445783132,-0.005602409638554219,0.2463855421686747,-6.385542168674699,17.15361445783132,0.1572289156626506,-0.01617469879518072,0.0369578313253012,6.1477261,-274.21239,0.16795354,0.6076523828068494,0.2143822125622161,0.09023851971544575,0.9122731150845113,-0.06800387768143153,0.1358580440547165,0.1295108796505736,0.1973650460238586,44.60387231630245,0.08772688491548875,0.3026349539761414,-274.21239,999725.78761,0.16795354
320,0.04942771084337349,0.7777108433734939,28.75,-0.003433734939759039,0.2066265060240964,2.144578313253013,28.14759036144578,0.2825301204819277,-0.005873493975903614,0.03117469879518072,14.107464,-402.18157,0.41252372,0.7771661200021248,0.170273018405433,0.124288406056028,1.071727544463586,0.02910288338900857,0.1370275271716113,0.2660182359337271,0.432148646494347,28.50842433480603,-0.07172754446358587,0.06785135350565297,-402.18157,999597.81843,0.41252372
321,0.04599397590361445,0.6873493975903614,26.18975903614458,-0.04319277108433735,0.1367469879518072,-0.3132530120481922,34.77409638554217,0.2524096385542169,-0.004066265060240964,0.05539156626506024,12.174048,-279.9617,0.40847975,0.6873391247219464,0.1192729354023499,0.09588130755025895,0.9024933676745552,-0.003757924201126696,0.1150938529849823,0.268075290501145,0.3794112192850006,22.99659899484543,0.09750663232544476,0.1205887807149994,-279.9617,999720.0383,0.40847975
322,0.05159638554216867,0.9331325301204818,25.88855421686747,-0.01066265060240964,0.1427710843373494,1.349397590361446,14.44277108433735,0.2319277108433735,-0.01201807228915663,0.04039156626506024,9.4073417,-388.08978,0.28898767,0.9328737518204556,0.1139737541121713,0.1440458613872195,1.190893367319847,0.02197457470530358,0.1054418119950477,0.1846392510237174,0.3120556377240687,41.25392617555287,-0.1908933673198465,0.1879443622759313,-388.08978,999611.91022,0.28898767
323,0.0344277108433735,0.4560240963855421,31.46084337349398,-0.05439759036144579,0.1355421686746988,-1.180722891566265,24.83433734939759,0.1331325301204819,-0.0147289156626506,0.04942771084337349,6.4308497,-183.30821,0.22176933,0.4559272701319856,0.1033429465396379,0.03850137799493192,0.5977715946665554,-0.009396852358403629,0.1180648809799132,0.1444656950478382,0.2531337236693478,28.50450850997186,0.4022284053334446,0.2468662763306522,-183.30821,999816.69179,0.22176933
324,0.04960843373493976,0.6403614457831325,31.00903614457831,-0.02367469879518072,0.2524096385542169,-1.108433734939759,30.55722891566265,0.2355421686746988,-0.004789156626506023,0.04906626506024096,11.985341,-335.90768,0.35653087,0.6402416184645818,0.2149726795201817,0.0875263042109487,0.9427406021957123,-0.01238754339312221,0.1749751387498918,0.2450677975999446,0.4076553929567142,28.0265434250056,0.05725939780428768,0.09234460704328584,-335.90768,999664.0923200001,0.35653087
325,0.04219879518072289,0.8680722891566265,18.65963855421687,-0.03596385542168674,0.1765060240963855,-0.3855421686746991,13.08734939759036,0.2331325301204819,-0.007861445783132529,0.03894578313253012,7.1029612,-324.40377,0.26649162,0.8680526364321538,0.1600051510045296,0.1793952090206741,1.207452996457357,-0.005841197207139664,0.094343591699204,0.1558469495337321,0.2443493440257964,45.67162354765502,-0.2074529964573575,0.2556506559742036,-324.40377,999675.59623,0.26649162
326,0.05593373493975903,0.4524096385542168,14.5933734939759,-0.02620481927710843,0.213855421686747,-3.63855421686747,27.24397590361446,0.25,-0.01870481927710843,0.05069277108433735,7.1131738,-200.93539,0.25960353,0.4514976942169801,0.1945083606992188,0.1684701122485427,0.8144761671647416,-0.02871085462864957,0.09241762144769944,0.2008124136211523,0.2645191804402022,28.24834534480235,0.1855238328352584,0.2354808195597978,-200.93539,999799.06461,0.25960353
327,0.04003012048192771,0.8969879518072288,15.64759036144578,-0.009216867469879521,0.2403614457831325,0.6987951807228914,33.11746987951807,0.269277108433735,-0.02286144578313253,0.04219879518072289,11.740189,-373.91524,0.38040608,0.8969212395296001,0.2072710956608262,0.1411967108239526,1.245389046014379,0.01093964204227624,0.1095650432654555,0.2387083726020571,0.3592130579097888,31.84916699381926,-0.2453890460143788,0.1407869420902112,-373.91524,999626.08476,0.38040608
328,0.03623493975903615,0.6006024096385542,20.01506024096386,-0.03885542168674699,0.158433734939759,4.963855421686747,27.0933734939759,0.2006024096385542,-0.02701807228915663,0.03406626506024096,,,,0.5983498391052193,0.1137499556589143,0.08442708152560655,0.7965268762897402,0.05196849532549198,0.09850484386754199,0.177703050188194,0.328176389381228,,0.2034731237102598,0.171823610618772,,,
329,0.05629518072289157,0.9367469879518072,22.12349397590361,-0.01969879518072289,0.2162650602409639,2.072289156626506,26.18975903614458,0.2885542168674698,-0.005150602409638555,0.05701807228915663,,,,0.9361343549188756,0.1900572066778308,0.1559201606590438,1.28211172225575,0.0338731306112084,0.1454320460831796,0.2721864716229866,0.4514916483173746,,-0.2821117222557503,0.04850835168262541,,,
330,0.04382530120481928,0.9259036144578313,23.62951807228916,-0.0001807228915662665,0.1596385542168675,0.4096385542168677,14.5933734939759,0.1849397590361446,-0.01364457831325301,0.04328313253012048,,,,0.925879950340043,0.1318389859871263,0.1143756749466741,1.172094611273844,0.006619729933747945,0.1082149759506445,0.1494329852435543,0.2642676911279468,,-0.1720946112738435,0.2357323088720532,,,
331,0.05864457831325301,0.9728915662650601,28.14759036144578,-0.03198795180722892,0.1981927710843374,-6.16867469879518,26.94277108433735,0.1837349397590362,-0.000451807228915661,0.04292168674698795,,,,0.9672583896781157,0.1879514395658819,0.1042473145482198,1.259457143792218,-0.1045428491432111,0.1168984048868994,0.1781347447838481,0.1904903005275364,,-0.2594571437922175,0.3095096994724636,,,
332,0.04816265060240964,0.9656626506024095,26.7921686746988,-0.04463855421686747,0.2656626506024097,-2.771084337349397,21.37048192771084,0.2427710843373494,-0.006596385542168673,0.03948795180722892,,,,0.964533465854166,0.2379755283423342,0.1483883193573082,1.350897313553808,-0.04668562965005184,0.1479047208709914,0.2062171590260454,0.307436250246985,,-0.3508973135538085,0.192563749753015,,,
333,0.03894578313253012,0.9548192771084336,12.78614457831325,-0.01716867469879518,0.2993975903614458,-3.566265060240964,34.02108433734939,0.2909638554216867,-0.01671686746987952,0.05268072289156626,,,,0.9529702940200957,0.2821219901406774,0.1870194676817835,1.422111751842557,-0.05939251344339674,0.1015891284722976,0.2486517471011621,0.290848362130063,,-0.4221117518425566,0.209151637869937,,,
334,0.04400602409638554,0.9006024096385542,10.22590361445783,-0.001265060240963858,0.2777108433734939,0.6265060240963858,30.7078313253012,0.1090361445783133,-0.02141566265060241,0.0333433734939759,,,,0.9005485697664648,0.2509651353128395,0.05427670065327879,1.205790405732583,0.009847524478003966,0.0853945427123214,0.1010502625838105,0.1962923297741359,,-0.205790405732583,0.3037076702258641,,,
